road,frc,currentSpeed,freeFlowSpeed,currentTravelTime,freeFlowTravelTime,confidence,roadClosure,latitude,longitude,Day,Hour,minute,Delay ratio,Delay,Traffic level
8,0,39,39,918,918,1.0,0,19.25,73.05,27,18,30,0.0,0,Low
8,3,23,23,190,190,1.0,0,19.25,72.98,27,18,30,0.0,0,Low
0,3,6,10,6,3,1.0,0,19.2183,72.9781,27,18,30,1.0,3,High
0,3,19,19,148,148,1.0,0,19.076,72.8777,27,18,30,0.0,0,Low
1,3,21,21,228,228,1.0,0,19.196,72.96,27,18,30,0.0,0,Low
1,1,54,54,126,126,1.0,0,19.05,72.87,27,18,30,0.0,0,Low
10,3,32,32,1022,1022,1.0,0,19.18,73.01,27,18,30,0.0,0,Low
10,3,20,20,220,220,1.0,0,19.045,73.015,27,18,30,0.0,0,Low
9,3,15,19,1000,789,0.947993,0,19.06,72.885,27,18,30,0.2674271229404309,211,Medium
9,3,25,30,555,462,0.985374,0,18.98,73.11,27,18,30,0.2012987012987013,93,Medium
5,3,6,10,6,3,1.0,0,19.2183,72.9781,27,18,30,1.0,3,High
5,3,16,20,193,154,0.75,0,20.011,73.79,27,18,30,0.2532467532467532,39,Medium
3,2,29,29,2552,2552,1.0,0,19.41,73.18,27,18,30,0.0,0,Low
3,3,61,61,1109,1109,1.0,0,19.43,73.48,27,18,30,0.0,0,Low
7,0,50,50,747,747,1.0,0,19.32,73.1,27,18,30,0.0,0,Low
7,4,26,26,2320,2320,1.0,0,19.3,73.13,27,18,30,0.0,0,Low
2,0,29,29,1379,1379,1.0,0,19.22,73.0,27,18,30,0.0,0,Low
6,1,20,27,3089,2288,0.994994,0,19.24,73.13,27,18,30,0.3500874125874126,801,Medium
6,3,14,18,1241,965,0.852081,0,19.22,73.1,27,18,30,0.2860103626943005,276,Medium
4,3,26,34,1301,995,0.894258,0,18.65,72.87,27,18,30,0.3075376884422111,306,Medium
4,3,11,19,975,564,0.757984,0,19.42,72.84,27,18,30,0.7287234042553191,411,High
8,0,39,39,918,918,1.0,0,19.25,73.05,27,18,49,0.0,0,Low
8,3,18,23,243,190,1.0,0,19.25,72.98,27,18,49,0.2789473684210526,53,Medium
0,3,6,11,6,3,1.0,0,19.2183,72.9781,27,18,49,1.0,3,High
0,3,14,19,201,148,0.94,0,19.076,72.8777,27,18,49,0.3581081081081081,53,Medium
1,3,21,21,228,228,1.0,0,19.196,72.96,27,18,49,0.0,0,Low
1,1,54,54,126,126,1.0,0,19.05,72.87,27,18,49,0.0,0,Low
10,3,32,32,1022,1022,1.0,0,19.18,73.01,27,18,49,0.0,0,Low
10,3,18,20,245,220,0.834583,0,19.045,73.015,27,18,49,0.11363636363636363,25,Low
9,3,14,18,1072,833,0.973116,0,19.06,72.885,27,18,49,0.28691476590636256,239,Medium
9,3,26,31,534,447,0.98828,0,18.98,73.11,27,18,49,0.19463087248322147,87,Medium
5,3,6,11,6,3,1.0,0,19.2183,72.9781,27,18,49,1.0,3,High
5,3,20,20,154,154,1.0,0,20.011,73.79,27,18,49,0.0,0,Low
3,2,29,29,2552,2552,1.0,0,19.41,73.18,27,18,49,0.0,0,Low
3,3,61,61,1109,1109,1.0,0,19.43,73.48,27,18,49,0.0,0,Low
7,0,50,50,747,747,1.0,0,19.32,73.1,27,18,49,0.0,0,Low
7,4,26,26,2320,2320,1.0,0,19.3,73.13,27,18,49,0.0,0,Low
2,0,24,29,1667,1379,0.999135,0,19.22,73.0,27,18,49,0.2088469905728789,288,Medium
6,1,21,27,2942,2288,0.995537,0,19.24,73.13,27,18,49,0.28583916083916083,654,Medium
6,3,15,18,1158,965,0.869554,0,19.22,73.1,27,18,49,0.2,193,Medium
4,3,27,34,1253,995,0.904963,0,18.65,72.87,27,18,49,0.2592964824120603,258,Medium
4,3,11,19,975,564,0.643989,0,19.42,72.84,27,18,49,0.7287234042553191,411,High
8,0,39,39,918,918,1.0,0,19.25,73.05,27,19,12,0.0,0,Low
8,3,23,23,190,190,1.0,0,19.25,72.98,27,19,12,0.0,0,Low
0,3,5,10,7,3,1.0,0,19.2183,72.9781,27,19,12,1.3333333333333333,4,High
0,3,14,18,201,157,0.99,0,19.076,72.8777,27,19,12,0.2802547770700637,44,Medium
1,3,21,21,228,228,1.0,0,19.196,72.96,27,19,12,0.0,0,Low
1,1,54,54,126,126,1.0,0,19.05,72.87,27,19,12,0.0,0,Low
10,3,32,32,1022,1022,1.0,0,19.18,73.01,27,19,12,0.0,0,Low
10,3,18,20,245,220,0.865646,0,19.045,73.015,27,19,12,0.11363636363636363,25,Low
9,3,15,19,1000,789,0.980408,0,19.06,72.885,27,19,12,0.2674271229404309,211,Medium
9,3,24,30,578,462,0.973435,0,18.98,73.11,27,19,12,0.2510822510822511,116,Medium
5,3,5,10,7,3,1.0,0,19.2183,72.9781,27,19,12,1.3333333333333333,4,High
5,3,20,20,154,154,1.0,0,20.011,73.79,27,19,12,0.0,0,Low
3,2,29,29,2552,2552,1.0,0,19.41,73.18,27,19,12,0.0,0,Low
3,3,61,61,1109,1109,1.0,0,19.43,73.48,27,19,12,0.0,0,Low
7,0,50,50,747,747,1.0,0,19.32,73.1,27,19,12,0.0,0,Low
7,4,26,26,2320,2320,1.0,0,19.3,73.13,27,19,12,0.0,0,Low
2,0,29,29,1379,1379,1.0,0,19.22,73.0,27,19,12,0.0,0,Low
6,1,20,27,3089,2288,0.991501,0,19.24,73.13,27,19,12,0.3500874125874126,801,Medium
6,3,15,19,1158,914,0.846995,0,19.22,73.1,27,19,12,0.26695842450765866,244,Medium
4,3,25,34,1353,995,0.895756,0,18.65,72.87,27,19,12,0.3597989949748744,358,Medium
4,3,13,19,825,564,0.617826,0,19.42,72.84,27,19,12,0.4627659574468085,261,Medium
8,0,39,39,918,918,1.0,0,19.25,73.05,27,19,27,0.0,0,Low
8,3,17,23,258,190,1.0,0,19.25,72.98,27,19,27,0.35789473684210527,68,Medium
0,3,11,11,3,3,1.0,0,19.2183,72.9781,27,19,27,0.0,0,Low
0,3,13,18,217,157,0.98,0,19.076,72.8777,27,19,27,0.3821656050955414,60,Medium
1,3,21,21,228,228,1.0,0,19.196,72.96,27,19,27,0.0,0,Low
1,1,54,54,126,126,1.0,0,19.05,72.87,27,19,27,0.0,0,Low
10,3,32,32,1022,1022,1.0,0,19.18,73.01,27,19,27,0.0,0,Low
10,3,20,20,220,220,1.0,0,19.045,73.015,27,19,27,0.0,0,Low
9,3,15,18,1000,833,0.976964,0,19.06,72.885,27,19,27,0.20048019207683074,167,Medium
9,3,25,31,555,447,0.980749,0,18.98,73.11,27,19,27,0.24161073825503357,108,Medium
5,3,11,11,3,3,1.0,0,19.2183,72.9781,27,19,27,0.0,0,Low
5,3,20,20,154,154,1.0,0,20.011,73.79,27,19,27,0.0,0,Low
3,2,29,29,2552,2552,1.0,0,19.41,73.18,27,19,27,0.0,0,Low
3,3,51,60,1326,1127,0.7496,0,19.43,73.48,27,19,27,0.17657497781721385,199,Medium
7,0,50,50,747,747,1.0,0,19.32,73.1,27,19,27,0.0,0,Low
7,4,26,26,2320,2320,1.0,0,19.3,73.13,27,19,27,0.0,0,Low
2,0,23,29,1739,1379,0.996558,0,19.22,73.0,27,19,27,0.2610587382160986,360,Medium
6,1,20,27,3089,2288,0.992161,0,19.24,73.13,27,19,27,0.3500874125874126,801,Medium
6,3,13,19,1336,914,0.863917,0,19.22,73.1,27,19,27,0.4617067833698031,422,Medium
4,3,25,33,1353,1025,0.834742,0,18.65,72.87,27,19,27,0.32,328,Medium
4,3,13,19,825,564,0.702461,0,19.42,72.84,27,19,27,0.4627659574468085,261,Medium
8,0,39,39,918,918,1.0,0,19.25,73.05,27,19,55,0.0,0,Low
8,3,18,23,243,190,1.0,0,19.25,72.98,27,19,55,0.2789473684210526,53,Medium
0,3,7,10,5,3,1.0,0,19.2183,72.9781,27,19,55,0.6666666666666666,2,High
0,3,14,19,201,148,0.99,0,19.076,72.8777,27,19,55,0.3581081081081081,53,Medium
1,3,21,21,228,228,1.0,0,19.196,72.96,27,19,55,0.0,0,Low
1,1,45,53,151,128,1.0,0,19.05,72.87,27,19,55,0.1796875,23,Medium
10,3,32,32,1022,1022,1.0,0,19.18,73.01,27,19,55,0.0,0,Low
10,3,20,20,220,220,1.0,0,19.045,73.015,27,19,55,0.0,0,Low
9,3,13,18,1154,833,0.971111,0,19.06,72.885,27,19,55,0.38535414165666265,321,Medium
9,3,24,30,578,462,0.985227,0,18.98,73.11,27,19,55,0.2510822510822511,116,Medium
5,3,8,11,4,3,1.0,0,19.2183,72.9781,27,19,55,0.3333333333333333,1,Medium
5,3,20,20,154,154,1.0,0,20.011,73.79,27,19,55,0.0,0,Low
3,2,29,29,2552,2552,1.0,0,19.41,73.18,27,19,55,0.0,0,Low
3,3,52,60,1301,1127,0.717308,0,19.43,73.48,27,19,55,0.1543921916592724,174,Medium
7,0,50,50,747,747,1.0,0,19.32,73.1,27,19,55,0.0,0,Low
7,4,26,26,2320,2320,1.0,0,19.3,73.13,27,19,55,0.0,0,Low
2,0,23,29,1739,1379,1.0,0,19.22,73.0,27,19,55,0.2610587382160986,360,Medium
6,1,21,27,2942,2288,0.985292,0,19.24,73.13,27,19,55,0.28583916083916083,654,Medium
6,3,13,19,1336,914,0.874623,0,19.22,73.1,27,19,55,0.4617067833698031,422,Medium
4,3,27,34,1253,995,0.856747,0,18.65,72.87,27,19,55,0.2592964824120603,258,Medium
4,3,12,19,894,564,0.663103,0,19.42,72.84,27,19,55,0.5851063829787234,330,High
8,0,39,39,918,918,1.0,0,19.25,73.05,27,20,14,0.0,0,Low
8,3,17,23,258,190,1.0,0,19.25,72.98,27,20,14,0.35789473684210527,68,Medium
0,3,7,11,5,3,1.0,0,19.2183,72.9781,27,20,14,0.6666666666666666,2,High
0,3,19,19,148,148,1.0,0,19.076,72.8777,27,20,14,0.0,0,Low
1,3,21,21,228,228,1.0,0,19.196,72.96,27,20,14,0.0,0,Low
1,1,54,54,126,126,1.0,0,19.05,72.87,27,20,14,0.0,0,Low
10,3,32,32,1022,1022,1.0,0,19.18,73.01,27,20,14,0.0,0,Low
10,3,20,20,220,220,1.0,0,19.045,73.015,27,20,14,0.0,0,Low
9,3,15,18,1000,833,0.955918,0,19.06,72.885,27,20,14,0.20048019207683074,167,Medium
9,3,23,31,603,447,0.984773,0,18.98,73.11,27,20,14,0.348993288590604,156,Medium
5,3,7,11,5,3,1.0,0,19.2183,72.9781,27,20,14,0.6666666666666666,2,High
5,3,11,20,280,154,0.75,0,20.011,73.79,27,20,14,0.8181818181818182,126,High
3,2,29,29,2552,2552,1.0,0,19.41,73.18,27,20,14,0.0,0,Low
3,3,61,61,1109,1109,1.0,0,19.43,73.48,27,20,14,0.0,0,Low
7,0,50,50,747,747,1.0,0,19.32,73.1,27,20,14,0.0,0,Low
7,4,26,26,2320,2320,1.0,0,19.3,73.13,27,20,14,0.0,0,Low
2,0,24,29,1667,1379,0.997291,0,19.22,73.0,27,20,14,0.2088469905728789,288,Medium
6,1,21,27,2942,2288,0.956346,0,19.24,73.13,27,20,14,0.28583916083916083,654,Medium
6,3,13,19,1336,914,0.900387,0,19.22,73.1,27,20,14,0.4617067833698031,422,Medium
4,3,28,33,1208,1025,0.863782,0,18.65,72.87,27,20,14,0.17853658536585365,183,Medium
4,3,14,19,766,564,0.603608,0,19.42,72.84,27,20,14,0.35815602836879434,202,Medium
8,0,39,39,918,918,1.0,0,19.25,73.05,27,20,27,0.0,0,Low
8,3,23,23,190,190,1.0,0,19.25,72.98,27,20,27,0.0,0,Low
0,3,8,11,4,3,1.0,0,19.2183,72.9781,27,20,27,0.3333333333333333,1,Medium
0,3,19,19,148,148,1.0,0,19.076,72.8777,27,20,27,0.0,0,Low
1,3,15,20,320,240,0.977607,0,19.196,72.96,27,20,27,0.3333333333333333,80,Medium
1,1,54,54,126,126,1.0,0,19.05,72.87,27,20,27,0.0,0,Low
10,3,32,32,1022,1022,1.0,0,19.18,73.01,27,20,27,0.0,0,Low
10,3,16,19,275,232,0.855166,0,19.045,73.015,27,20,27,0.1853448275862069,43,Medium
9,3,16,18,938,833,0.961416,0,19.06,72.885,27,20,27,0.12605042016806722,105,Low
9,3,25,31,555,447,0.980749,0,18.98,73.11,27,20,27,0.24161073825503357,108,Medium
5,3,8,11,4,3,1.0,0,19.2183,72.9781,27,20,27,0.3333333333333333,1,Medium
5,3,10,19,308,162,0.71,0,20.011,73.79,27,20,27,0.9012345679012346,146,High
3,2,29,29,2552,2552,1.0,0,19.41,73.18,27,20,27,0.0,0,Low
3,3,61,61,1109,1109,1.0,0,19.43,73.48,27,20,27,0.0,0,Low
7,0,50,50,747,747,1.0,0,19.32,73.1,27,20,27,0.0,0,Low
7,4,26,26,2320,2320,1.0,0,19.3,73.13,27,20,27,0.0,0,Low
2,0,21,29,1905,1379,0.992221,0,19.22,73.0,27,20,27,0.38143582306018853,526,Medium
6,1,20,26,3089,2376,0.978174,0,19.24,73.13,27,20,27,0.30008417508417506,713,Medium
6,3,15,18,1158,965,0.895471,0,19.22,73.1,27,20,27,0.2,193,Medium
4,3,34,34,995,995,1.0,0,18.65,72.87,27,20,27,0.0,0,Low
4,3,12,19,894,564,0.6,0,19.42,72.84,27,20,27,0.5851063829787234,330,High
8,0,39,39,918,918,1.0,0,19.25,73.05,27,20,57,0.0,0,Low
8,3,23,23,190,190,1.0,0,19.25,72.98,27,20,57,0.0,0,Low
0,3,8,11,4,3,1.0,0,19.2183,72.9781,27,20,57,0.3333333333333333,1,Medium
0,3,19,19,148,148,1.0,0,19.076,72.8777,27,20,57,0.0,0,Low
1,3,15,20,320,240,0.989295,0,19.196,72.96,27,20,57,0.3333333333333333,80,Medium
1,1,54,54,126,126,1.0,0,19.05,72.87,27,20,57,0.0,0,Low
10,3,32,32,1022,1022,1.0,0,19.18,73.01,27,20,57,0.0,0,Low
10,3,20,20,220,220,1.0,0,19.045,73.015,27,20,57,0.0,0,Low
9,3,15,18,1000,833,0.989377,0,19.06,72.885,27,20,57,0.20048019207683074,167,Medium
9,3,25,31,555,447,0.980749,0,18.98,73.11,27,20,57,0.24161073825503357,108,Medium
5,3,8,11,4,3,1.0,0,19.2183,72.9781,27,20,57,0.3333333333333333,1,Medium
5,3,20,20,154,154,1.0,0,20.011,73.79,27,20,57,0.0,0,Low
3,2,29,29,2552,2552,1.0,0,19.41,73.18,27,20,57,0.0,0,Low
3,3,61,61,1109,1109,1.0,0,19.43,73.48,27,20,57,0.0,0,Low
7,0,50,50,747,747,1.0,0,19.32,73.1,27,20,57,0.0,0,Low
7,4,26,26,2320,2320,1.0,0,19.3,73.13,27,20,57,0.0,0,Low
2,0,24,29,1667,1379,0.995542,0,19.22,73.0,27,20,57,0.2088469905728789,288,Medium
6,1,22,27,2808,2288,0.98924,0,19.24,73.13,27,20,57,0.22727272727272727,520,Medium
6,3,12,19,1448,914,0.882937,0,19.22,73.1,27,20,57,0.5842450765864332,534,High
4,3,34,34,995,995,1.0,0,18.65,72.87,27,20,57,0.0,0,Low
4,3,12,19,894,564,0.727165,0,19.42,72.84,27,20,57,0.5851063829787234,330,High
8,0,39,39,918,918,1.0,0,19.25,73.05,27,21,13,0.0,0,Low
8,3,23,23,190,190,1.0,0,19.25,72.98,27,21,13,0.0,0,Low
0,3,11,11,3,3,1.0,0,19.2183,72.9781,27,21,13,0.0,0,Low
0,3,19,19,148,148,1.0,0,19.076,72.8777,27,21,13,0.0,0,Low
1,3,21,21,228,228,1.0,0,19.196,72.96,27,21,13,0.0,0,Low
1,1,54,54,126,126,1.0,0,19.05,72.87,27,21,13,0.0,0,Low
10,3,32,32,1022,1022,1.0,0,19.18,73.01,27,21,13,0.0,0,Low
10,3,20,20,220,220,1.0,0,19.045,73.015,27,21,13,0.0,0,Low
9,3,14,18,1072,833,0.980408,0,19.06,72.885,27,21,13,0.28691476590636256,239,Medium
9,3,25,31,555,447,0.984773,0,18.98,73.11,27,21,13,0.24161073825503357,108,Medium
5,3,11,11,3,3,1.0,0,19.2183,72.9781,27,21,13,0.0,0,Low
5,3,20,20,154,154,1.0,0,20.011,73.79,27,21,13,0.0,0,Low
3,2,29,29,2552,2552,1.0,0,19.41,73.18,27,21,13,0.0,0,Low
3,3,61,61,1109,1109,1.0,0,19.43,73.48,27,21,13,0.0,0,Low
7,0,50,50,747,747,1.0,0,19.32,73.1,27,21,13,0.0,0,Low
7,4,26,26,2320,2320,1.0,0,19.3,73.13,27,21,13,0.0,0,Low
2,0,29,29,1379,1379,1.0,0,19.22,73.0,27,21,13,0.0,0,Low
6,1,21,27,2942,2288,0.973371,0,19.24,73.13,27,21,13,0.28583916083916083,654,Medium
6,3,12,20,1448,868,0.841789,0,19.22,73.1,27,21,13,0.6682027649769585,580,High
4,3,34,34,995,995,1.0,0,18.65,72.87,27,21,13,0.0,0,Low
4,3,20,20,536,536,1.0,0,19.42,72.84,27,21,13,0.0,0,Low
8,0,39,39,918,918,1.0,0,19.25,73.05,27,21,27,0.0,0,Low
8,3,23,23,190,190,1.0,0,19.25,72.98,27,21,27,0.0,0,Low
0,3,11,11,3,3,1.0,0,19.2183,72.9781,27,21,27,0.0,0,Low
0,3,19,19,148,148,1.0,0,19.076,72.8777,27,21,27,0.0,0,Low
1,3,14,20,343,240,0.991326,0,19.196,72.96,27,21,27,0.42916666666666664,103,Medium
1,1,54,54,126,126,1.0,0,19.05,72.87,27,21,27,0.0,0,Low
10,3,32,32,1022,1022,1.0,0,19.18,73.01,27,21,27,0.0,0,Low
10,3,20,20,220,220,1.0,0,19.045,73.015,27,21,27,0.0,0,Low
9,3,15,19,1000,789,0.95125,0,19.06,72.885,27,21,27,0.2674271229404309,211,Medium
9,3,22,31,631,447,0.984773,0,18.98,73.11,27,21,27,0.4116331096196868,184,Medium
5,3,11,11,3,3,1.0,0,19.2183,72.9781,27,21,27,0.0,0,Low
5,3,20,20,154,154,1.0,0,20.011,73.79,27,21,27,0.0,0,Low
3,2,29,29,2552,2552,1.0,0,19.41,73.18,27,21,27,0.0,0,Low
3,3,61,61,1109,1109,1.0,0,19.43,73.48,27,21,27,0.0,0,Low
7,0,50,50,747,747,1.0,0,19.32,73.1,27,21,27,0.0,0,Low
7,4,26,26,2320,2320,1.0,0,19.3,73.13,27,21,27,0.0,0,Low
2,0,29,29,1379,1379,1.0,0,19.22,73.0,27,21,27,0.0,0,Low
6,1,20,27,3089,2288,0.988277,0,19.24,73.13,27,21,27,0.3500874125874126,801,Medium
6,3,13,19,1336,914,0.848425,0,19.22,73.1,27,21,27,0.4617067833698031,422,Medium
4,3,34,34,995,995,1.0,0,18.65,72.87,27,21,27,0.0,0,Low
4,3,20,20,536,536,1.0,0,19.42,72.84,27,21,27,0.0,0,Low
8,0,39,39,918,918,1.0,0,19.25,73.05,27,22,3,0.0,0,Low
8,3,23,23,190,190,1.0,0,19.25,72.98,27,22,3,0.0,0,Low
0,3,11,11,3,3,1.0,0,19.2183,72.9781,27,22,3,0.0,0,Low
0,3,16,18,176,157,0.98,0,19.076,72.8777,27,22,3,0.12101910828025478,19,Low
1,3,21,21,228,228,1.0,0,19.196,72.96,27,22,3,0.0,0,Low
1,1,54,54,126,126,1.0,0,19.05,72.87,27,22,3,0.0,0,Low
10,3,32,32,1022,1022,1.0,0,19.18,73.01,27,22,3,0.0,0,Low
10,3,20,20,220,220,1.0,0,19.045,73.015,27,22,3,0.0,0,Low
9,3,16,19,938,789,0.971325,0,19.06,72.885,27,22,3,0.1888466413181242,149,Medium
9,3,31,31,447,447,1.0,0,18.98,73.11,27,22,3,0.0,0,Low
5,3,11,11,3,3,1.0,0,19.2183,72.9781,27,22,3,0.0,0,Low
5,3,20,20,154,154,1.0,0,20.011,73.79,27,22,3,0.0,0,Low
3,2,29,29,2552,2552,1.0,0,19.41,73.18,27,22,3,0.0,0,Low
3,3,61,61,1109,1109,1.0,0,19.43,73.48,27,22,3,0.0,0,Low
7,0,50,50,747,747,1.0,0,19.32,73.1,27,22,3,0.0,0,Low
7,4,26,26,2320,2320,1.0,0,19.3,73.13,27,22,3,0.0,0,Low
2,0,29,29,1379,1379,1.0,0,19.22,73.0,27,22,3,0.0,0,Low
6,1,27,27,2288,2288,1.0,0,19.24,73.13,27,22,3,0.0,0,Low
6,3,13,19,1336,914,0.86482,0,19.22,73.1,27,22,3,0.4617067833698031,422,Medium
4,3,34,34,995,995,1.0,0,18.65,72.87,27,22,3,0.0,0,Low
4,3,14,19,766,564,0.580757,0,19.42,72.84,27,22,3,0.35815602836879434,202,Medium
8,0,39,39,918,918,1.0,0,19.25,73.05,27,22,22,0.0,0,Low
8,3,23,23,190,190,1.0,0,19.25,72.98,27,22,22,0.0,0,Low
0,3,11,11,3,3,1.0,0,19.2183,72.9781,27,22,22,0.0,0,Low
0,3,16,18,176,157,0.92553,0,19.076,72.8777,27,22,22,0.12101910828025478,19,Low
1,3,21,21,228,228,1.0,0,19.196,72.96,27,22,22,0.0,0,Low
1,1,54,54,126,126,1.0,0,19.05,72.87,27,22,22,0.0,0,Low
10,3,32,32,1022,1022,1.0,0,19.18,73.01,27,22,22,0.0,0,Low
10,3,20,20,220,220,1.0,0,19.045,73.015,27,22,22,0.0,0,Low
9,3,15,18,1000,833,0.942141,0,19.06,72.885,27,22,22,0.20048019207683074,167,Medium
9,3,31,31,447,447,1.0,0,18.98,73.11,27,22,22,0.0,0,Low
5,3,11,11,3,3,1.0,0,19.2183,72.9781,27,22,22,0.0,0,Low
5,3,20,20,154,154,1.0,0,20.011,73.79,27,22,22,0.0,0,Low
3,2,29,29,2552,2552,1.0,0,19.41,73.18,27,22,22,0.0,0,Low
3,3,61,61,1109,1109,1.0,0,19.43,73.48,27,22,22,0.0,0,Low
7,0,50,50,747,747,1.0,0,19.32,73.1,27,22,22,0.0,0,Low
7,4,26,26,2320,2320,1.0,0,19.3,73.13,27,22,22,0.0,0,Low
2,0,29,29,1379,1379,1.0,0,19.22,73.0,27,22,22,0.0,0,Low
6,1,27,27,2288,2288,1.0,0,19.24,73.13,27,22,22,0.0,0,Low
6,3,14,19,1241,914,0.838135,0,19.22,73.1,27,22,22,0.35776805251641136,327,Medium
4,3,34,34,995,995,1.0,0,18.65,72.87,27,22,22,0.0,0,Low
4,3,20,20,536,536,1.0,0,19.42,72.84,27,22,22,0.0,0,Low
8,0,39,39,918,918,1.0,0,19.25,73.05,27,22,49,0.0,0,Low
8,3,23,23,190,190,1.0,0,19.25,72.98,27,22,49,0.0,0,Low
0,3,11,11,3,3,1.0,0,19.2183,72.9781,27,22,49,0.0,0,Low
0,3,19,19,148,148,1.0,0,19.076,72.8777,27,22,49,0.0,0,Low
1,3,21,21,228,228,1.0,0,19.196,72.96,27,22,49,0.0,0,Low
1,1,54,54,126,126,1.0,0,19.05,72.87,27,22,49,0.0,0,Low
10,3,32,32,1022,1022,1.0,0,19.18,73.01,27,22,49,0.0,0,Low
10,3,20,20,220,220,1.0,0,19.045,73.015,27,22,49,0.0,0,Low
9,3,18,18,833,833,1.0,0,19.06,72.885,27,22,49,0.0,0,Low
9,3,31,31,447,447,1.0,0,18.98,73.11,27,22,49,0.0,0,Low
5,3,11,11,3,3,1.0,0,19.2183,72.9781,27,22,49,0.0,0,Low
5,3,20,20,154,154,1.0,0,20.011,73.79,27,22,49,0.0,0,Low
3,2,29,29,2552,2552,1.0,0,19.41,73.18,27,22,49,0.0,0,Low
3,3,61,61,1109,1109,1.0,0,19.43,73.48,27,22,49,0.0,0,Low
7,0,50,50,747,747,1.0,0,19.32,73.1,27,22,49,0.0,0,Low
7,4,26,26,2320,2320,1.0,0,19.3,73.13,27,22,49,0.0,0,Low
2,0,29,29,1379,1379,1.0,0,19.22,73.0,27,22,49,0.0,0,Low
6,1,27,27,2288,2288,1.0,0,19.24,73.13,27,22,49,0.0,0,Low
6,3,14,19,1241,914,0.863944,0,19.22,73.1,27,22,49,0.35776805251641136,327,Medium
4,3,34,34,995,995,1.0,0,18.65,72.87,27,22,49,0.0,0,Low
4,3,20,20,536,536,1.0,0,19.42,72.84,27,22,49,0.0,0,Low
8,0,39,39,918,918,1.0,0,19.25,73.05,27,23,6,0.0,0,Low
8,3,23,23,190,190,1.0,0,19.25,72.98,27,23,6,0.0,0,Low
0,3,9,11,4,3,1.0,0,19.2183,72.9781,27,23,6,0.3333333333333333,1,Medium
0,3,19,19,148,148,1.0,0,19.076,72.8777,27,23,6,0.0,0,Low
1,3,21,21,228,228,1.0,0,19.196,72.96,27,23,6,0.0,0,Low
1,1,54,54,126,126,1.0,0,19.05,72.87,27,23,6,0.0,0,Low
10,3,32,32,1022,1022,1.0,0,19.18,73.01,27,23,6,0.0,0,Low
10,3,20,20,220,220,1.0,0,19.045,73.015,27,23,6,0.0,0,Low
9,3,18,18,833,833,1.0,0,19.06,72.885,27,23,6,0.0,0,Low
9,3,31,31,447,447,1.0,0,18.98,73.11,27,23,6,0.0,0,Low
5,3,9,11,4,3,1.0,0,19.2183,72.9781,27,23,6,0.3333333333333333,1,Medium
5,3,20,20,154,154,1.0,0,20.011,73.79,27,23,6,0.0,0,Low
3,2,29,29,2552,2552,1.0,0,19.41,73.18,27,23,6,0.0,0,Low
3,3,61,61,1109,1109,1.0,0,19.43,73.48,27,23,6,0.0,0,Low
7,0,50,50,747,747,1.0,0,19.32,73.1,27,23,6,0.0,0,Low
7,4,26,26,2320,2320,1.0,0,19.3,73.13,27,23,6,0.0,0,Low
2,0,29,29,1379,1379,1.0,0,19.22,73.0,27,23,6,0.0,0,Low
6,1,27,27,2288,2288,1.0,0,19.24,73.13,27,23,6,0.0,0,Low
6,3,19,19,914,914,1.0,0,19.22,73.1,27,23,6,0.0,0,Low
4,3,34,34,995,995,1.0,0,18.65,72.87,27,23,6,0.0,0,Low
4,3,20,20,536,536,1.0,0,19.42,72.84,27,23,6,0.0,0,Low
8,0,39,39,918,918,1.0,0,19.25,73.05,27,23,18,0.0,0,Low
8,3,23,23,190,190,1.0,0,19.25,72.98,27,23,18,0.0,0,Low
0,3,11,11,3,3,1.0,0,19.2183,72.9781,27,23,18,0.0,0,Low
0,3,19,19,148,148,1.0,0,19.076,72.8777,27,23,18,0.0,0,Low
1,3,21,21,228,228,1.0,0,19.196,72.96,27,23,18,0.0,0,Low
1,1,54,54,126,126,1.0,0,19.05,72.87,27,23,18,0.0,0,Low
10,3,32,32,1022,1022,1.0,0,19.18,73.01,27,23,18,0.0,0,Low
10,3,20,20,220,220,1.0,0,19.045,73.015,27,23,18,0.0,0,Low
9,3,18,18,833,833,1.0,0,19.06,72.885,27,23,18,0.0,0,Low
9,3,31,31,447,447,1.0,0,18.98,73.11,27,23,18,0.0,0,Low
5,3,11,11,3,3,1.0,0,19.2183,72.9781,27,23,18,0.0,0,Low
5,3,20,20,154,154,1.0,0,20.011,73.79,27,23,18,0.0,0,Low
3,2,29,29,2552,2552,1.0,0,19.41,73.18,27,23,18,0.0,0,Low
3,3,61,61,1109,1109,1.0,0,19.43,73.48,27,23,18,0.0,0,Low
7,0,50,50,747,747,1.0,0,19.32,73.1,27,23,18,0.0,0,Low
7,4,26,26,2320,2320,1.0,0,19.3,73.13,27,23,18,0.0,0,Low
2,0,29,29,1379,1379,1.0,0,19.22,73.0,27,23,18,0.0,0,Low
6,1,27,27,2288,2288,1.0,0,19.24,73.13,27,23,18,0.0,0,Low
6,3,19,19,914,914,1.0,0,19.22,73.1,27,23,18,0.0,0,Low
4,3,34,34,995,995,1.0,0,18.65,72.87,27,23,18,0.0,0,Low
4,3,20,20,536,536,1.0,0,19.42,72.84,27,23,18,0.0,0,Low
8,0,39,39,918,918,1.0,0,19.25,73.05,27,23,42,0.0,0,Low
8,3,23,23,190,190,1.0,0,19.25,72.98,27,23,42,0.0,0,Low
0,3,11,11,3,3,1.0,0,19.2183,72.9781,27,23,42,0.0,0,Low
0,3,19,19,148,148,1.0,0,19.076,72.8777,27,23,42,0.0,0,Low
1,3,21,21,228,228,1.0,0,19.196,72.96,27,23,42,0.0,0,Low
1,1,54,54,126,126,1.0,0,19.05,72.87,27,23,42,0.0,0,Low
10,3,32,32,1022,1022,1.0,0,19.18,73.01,27,23,42,0.0,0,Low
10,3,20,20,220,220,1.0,0,19.045,73.015,27,23,42,0.0,0,Low
9,3,18,18,833,833,1.0,0,19.06,72.885,27,23,42,0.0,0,Low
9,3,31,31,447,447,1.0,0,18.98,73.11,27,23,42,0.0,0,Low
5,3,11,11,3,3,1.0,0,19.2183,72.9781,27,23,42,0.0,0,Low
5,3,20,20,154,154,1.0,0,20.011,73.79,27,23,42,0.0,0,Low
3,2,29,29,2552,2552,1.0,0,19.41,73.18,27,23,42,0.0,0,Low
3,3,61,61,1109,1109,1.0,0,19.43,73.48,27,23,42,0.0,0,Low
7,0,50,50,747,747,1.0,0,19.32,73.1,27,23,42,0.0,0,Low
7,4,26,26,2320,2320,1.0,0,19.3,73.13,27,23,42,0.0,0,Low
2,0,29,29,1379,1379,1.0,0,19.22,73.0,27,23,42,0.0,0,Low
6,1,27,27,2288,2288,1.0,0,19.24,73.13,27,23,42,0.0,0,Low
6,3,19,19,914,914,1.0,0,19.22,73.1,27,23,42,0.0,0,Low
4,3,34,34,995,995,1.0,0,18.65,72.87,27,23,42,0.0,0,Low
4,3,20,20,536,536,1.0,0,19.42,72.84,27,23,42,0.0,0,Low
8,0,33,40,1085,895,1.0,0,19.25,73.05,28,12,8,0.2122905027932961,190,Medium
8,3,17,22,258,199,1.0,0,19.25,72.98,28,12,8,0.2964824120603015,59,Medium
0,3,11,11,3,3,1.0,0,19.2183,72.9781,28,12,8,0.0,0,Low
0,3,19,19,148,148,1.0,0,19.076,72.8777,28,12,8,0.0,0,Low
1,3,21,21,228,228,1.0,0,19.196,72.96,28,12,8,0.0,0,Low
1,1,54,54,126,126,1.0,0,19.05,72.87,28,12,8,0.0,0,Low
10,3,32,32,1022,1022,1.0,0,19.18,73.01,28,12,8,0.0,0,Low
10,3,20,20,220,220,1.0,0,19.045,73.015,28,12,8,0.0,0,Low
9,3,16,18,938,833,0.981315,0,19.06,72.885,28,12,8,0.12605042016806722,105,Low
9,3,28,31,495,447,0.959292,0,18.98,73.11,28,12,8,0.10738255033557047,48,Low
5,3,11,11,3,3,1.0,0,19.2183,72.9781,28,12,8,0.0,0,Low
5,3,16,20,193,154,0.74,0,20.011,73.79,28,12,8,0.2532467532467532,39,Medium
3,2,29,29,2552,2552,1.0,0,19.41,73.18,28,12,8,0.0,0,Low
3,3,61,61,1109,1109,1.0,0,19.43,73.48,28,12,8,0.0,0,Low
7,0,50,50,747,747,1.0,0,19.32,73.1,28,12,8,0.0,0,Low
7,4,26,26,2320,2320,1.0,0,19.3,73.13,28,12,8,0.0,0,Low
2,0,21,29,1905,1379,0.961243,0,19.22,73.0,28,12,8,0.38143582306018853,526,Medium
6,1,22,27,2808,2288,0.98289,0,19.24,73.13,28,12,8,0.22727272727272727,520,Medium
6,3,16,19,1086,914,0.84875,0,19.22,73.1,28,12,8,0.18818380743982493,172,Medium
4,3,24,33,1409,1025,0.929823,0,18.65,72.87,28,12,8,0.3746341463414634,384,Medium
4,3,14,20,766,536,0.572564,0,19.42,72.84,28,12,8,0.4291044776119403,230,Medium
8,0,35,40,1023,895,1.0,0,19.25,73.05,28,12,25,0.1430167597765363,128,Low
8,3,23,23,190,190,1.0,0,19.25,72.98,28,12,25,0.0,0,Low
0,3,9,11,4,3,1.0,0,19.2183,72.9781,28,12,25,0.3333333333333333,1,Medium
0,3,14,18,201,157,0.99,0,19.076,72.8777,28,12,25,0.2802547770700637,44,Medium
1,3,21,21,228,228,1.0,0,19.196,72.96,28,12,25,0.0,0,Low
1,1,54,54,126,126,1.0,0,19.05,72.87,28,12,25,0.0,0,Low
10,3,32,32,1022,1022,1.0,0,19.18,73.01,28,12,25,0.0,0,Low
10,3,20,20,220,220,1.0,0,19.045,73.015,28,12,25,0.0,0,Low
9,3,16,18,938,833,0.960202,0,19.06,72.885,28,12,25,0.12605042016806722,105,Low
9,3,27,30,514,462,0.953927,0,18.98,73.11,28,12,25,0.11255411255411256,52,Low
5,3,9,11,4,3,1.0,0,19.2183,72.9781,28,12,25,0.3333333333333333,1,Medium
5,3,11,19,280,162,0.82,0,20.011,73.79,28,12,25,0.7283950617283951,118,High
3,2,29,29,2552,2552,1.0,0,19.41,73.18,28,12,25,0.0,0,Low
3,3,57,60,1186,1127,0.625743,0,19.43,73.48,28,12,25,0.05235137533274179,59,Low
7,0,46,51,812,732,0.999176,0,19.32,73.1,28,12,25,0.1092896174863388,80,Low
7,4,26,26,2320,2320,1.0,0,19.3,73.13,28,12,25,0.0,0,Low
2,0,20,29,2000,1379,0.951046,0,19.22,73.0,28,12,25,0.4503263234227701,621,Medium
6,1,22,27,2808,2288,0.978028,0,19.24,73.13,28,12,25,0.22727272727272727,520,Medium
6,3,16,19,1086,914,0.838839,0,19.22,73.1,28,12,25,0.18818380743982493,172,Medium
4,3,27,33,1253,1025,0.932013,0,18.65,72.87,28,12,25,0.2224390243902439,228,Medium
4,3,20,20,536,536,1.0,0,19.42,72.84,28,12,25,0.0,0,Low
8,0,31,40,1155,895,1.0,0,19.25,73.05,28,12,53,0.2905027932960894,260,Medium
8,3,23,23,190,190,1.0,0,19.25,72.98,28,12,53,0.0,0,Low
0,3,11,11,3,3,1.0,0,19.2183,72.9781,28,12,53,0.0,0,Low
0,3,14,19,201,148,0.97,0,19.076,72.8777,28,12,53,0.3581081081081081,53,Medium
1,3,17,20,282,240,0.985869,0,19.196,72.96,28,12,53,0.175,42,Medium
1,1,54,54,126,126,1.0,0,19.05,72.87,28,12,53,0.0,0,Low
10,3,32,32,1022,1022,1.0,0,19.18,73.01,28,12,53,0.0,0,Low
10,3,20,20,220,220,1.0,0,19.045,73.015,28,12,53,0.0,0,Low
9,3,15,19,1000,789,0.97504,0,19.06,72.885,28,12,53,0.2674271229404309,211,Medium
9,3,27,30,514,462,0.983813,0,18.98,73.11,28,12,53,0.11255411255411256,52,Low
5,3,11,11,3,3,1.0,0,19.2183,72.9781,28,12,53,0.0,0,Low
5,3,15,19,205,162,0.62,0,20.011,73.79,28,12,53,0.2654320987654321,43,Medium
3,2,29,29,2552,2552,1.0,0,19.41,73.18,28,12,53,0.0,0,Low
3,3,61,61,1109,1109,1.0,0,19.43,73.48,28,12,53,0.0,0,Low
7,0,50,50,747,747,1.0,0,19.32,73.1,28,12,53,0.0,0,Low
7,4,26,26,2320,2320,1.0,0,19.3,73.13,28,12,53,0.0,0,Low
2,0,20,29,2000,1379,0.966351,0,19.22,73.0,28,12,53,0.4503263234227701,621,Medium
6,1,21,27,2942,2288,0.981028,0,19.24,73.13,28,12,53,0.28583916083916083,654,Medium
6,3,16,19,1086,914,0.816914,0,19.22,73.1,28,12,53,0.18818380743982493,172,Medium
4,3,27,33,1253,1025,0.935465,0,18.65,72.87,28,12,53,0.2224390243902439,228,Medium
4,3,13,19,825,564,0.711533,0,19.42,72.84,28,12,53,0.4627659574468085,261,Medium
8,0,31,40,1155,895,1.0,0,19.25,73.05,28,13,10,0.2905027932960894,260,Medium
8,3,23,23,190,190,1.0,0,19.25,72.98,28,13,10,0.0,0,Low
0,3,6,11,6,3,1.0,0,19.2183,72.9781,28,13,10,1.0,3,High
0,3,19,19,148,148,1.0,0,19.076,72.8777,28,13,10,0.0,0,Low
1,3,21,21,228,228,1.0,0,19.196,72.96,28,13,10,0.0,0,Low
1,1,54,54,126,126,1.0,0,19.05,72.87,28,13,10,0.0,0,Low
10,3,32,32,1022,1022,1.0,0,19.18,73.01,28,13,10,0.0,0,Low
10,3,20,20,220,220,1.0,0,19.045,73.015,28,13,10,0.0,0,Low
9,3,16,19,938,789,0.973826,0,19.06,72.885,28,13,10,0.1888466413181242,149,Medium
9,3,25,30,555,462,0.976123,0,18.98,73.11,28,13,10,0.2012987012987013,93,Medium
5,3,6,11,6,3,1.0,0,19.2183,72.9781,28,13,10,1.0,3,High
5,3,15,20,205,154,0.73,0,20.011,73.79,28,13,10,0.33116883116883117,51,Medium
3,2,29,29,2552,2552,1.0,0,19.41,73.18,28,13,10,0.0,0,Low
3,3,61,61,1109,1109,1.0,0,19.43,73.48,28,13,10,0.0,0,Low
7,0,50,50,747,747,1.0,0,19.32,73.1,28,13,10,0.0,0,Low
7,4,26,26,2320,2320,1.0,0,19.3,73.13,28,13,10,0.0,0,Low
2,0,20,29,2000,1379,0.95609,0,19.22,73.0,28,13,10,0.4503263234227701,621,Medium
6,1,21,27,2942,2288,0.97886,0,19.24,73.13,28,13,10,0.28583916083916083,654,Medium
6,3,15,19,1158,914,0.840654,0,19.22,73.1,28,13,10,0.26695842450765866,244,Medium
4,3,26,34,1301,995,0.886925,0,18.65,72.87,28,13,10,0.3075376884422111,306,Medium
4,3,11,19,975,564,0.713103,0,19.42,72.84,28,13,10,0.7287234042553191,411,High
8,0,32,40,1119,895,1.0,0,19.25,73.05,28,13,27,0.25027932960893856,224,Medium
8,3,23,23,190,190,1.0,0,19.25,72.98,28,13,27,0.0,0,Low
0,3,11,11,3,3,1.0,0,19.2183,72.9781,28,13,27,0.0,0,Low
0,3,19,19,148,148,1.0,0,19.076,72.8777,28,13,27,0.0,0,Low
1,3,21,21,228,228,1.0,0,19.196,72.96,28,13,27,0.0,0,Low
1,1,54,54,126,126,1.0,0,19.05,72.87,28,13,27,0.0,0,Low
10,3,32,32,1022,1022,1.0,0,19.18,73.01,28,13,27,0.0,0,Low
10,3,20,20,220,220,1.0,0,19.045,73.015,28,13,27,0.0,0,Low
9,3,15,19,1000,789,0.981938,0,19.06,72.885,28,13,27,0.2674271229404309,211,Medium
9,3,31,31,447,447,1.0,0,18.98,73.11,28,13,27,0.0,0,Low
5,3,11,11,3,3,1.0,0,19.2183,72.9781,28,13,27,0.0,0,Low
5,3,20,20,154,154,1.0,0,20.011,73.79,28,13,27,0.0,0,Low
3,2,29,29,2552,2552,1.0,0,19.41,73.18,28,13,27,0.0,0,Low
3,3,56,60,1208,1127,0.717929,0,19.43,73.48,28,13,27,0.07187222715173026,81,Low
7,0,50,50,747,747,1.0,0,19.32,73.1,28,13,27,0.0,0,Low
7,4,26,26,2320,2320,1.0,0,19.3,73.13,28,13,27,0.0,0,Low
2,0,20,29,2000,1379,0.968208,0,19.22,73.0,28,13,27,0.4503263234227701,621,Medium
6,1,20,27,3089,2288,0.977915,0,19.24,73.13,28,13,27,0.3500874125874126,801,Medium
6,3,15,18,1158,965,0.816585,0,19.22,73.1,28,13,27,0.2,193,Medium
4,3,27,34,1253,995,0.852385,0,18.65,72.87,28,13,27,0.2592964824120603,258,Medium
4,3,12,19,894,564,0.806552,0,19.42,72.84,28,13,27,0.5851063829787234,330,High
8,0,33,40,1085,895,1.0,0,19.25,73.05,28,14,3,0.2122905027932961,190,Medium
8,3,23,23,190,190,1.0,0,19.25,72.98,28,14,3,0.0,0,Low
0,3,11,11,3,3,1.0,0,19.2183,72.9781,28,14,3,0.0,0,Low
0,3,19,19,148,148,1.0,0,19.076,72.8777,28,14,3,0.0,0,Low
1,3,21,21,228,228,1.0,0,19.196,72.96,28,14,3,0.0,0,Low
1,1,54,54,126,126,1.0,0,19.05,72.87,28,14,3,0.0,0,Low
10,3,32,32,1022,1022,1.0,0,19.18,73.01,28,14,3,0.0,0,Low
10,3,20,20,220,220,1.0,0,19.045,73.015,28,14,3,0.0,0,Low
9,3,16,19,938,789,0.93903,0,19.06,72.885,28,14,3,0.1888466413181242,149,Medium
9,3,26,30,534,462,0.970157,0,18.98,73.11,28,14,3,0.15584415584415584,72,Medium
5,3,11,11,3,3,1.0,0,19.2183,72.9781,28,14,3,0.0,0,Low
5,3,16,20,193,154,0.85,0,20.011,73.79,28,14,3,0.2532467532467532,39,Medium
3,2,29,29,2552,2552,1.0,0,19.41,73.18,28,14,3,0.0,0,Low
3,3,61,61,1109,1109,1.0,0,19.43,73.48,28,14,3,0.0,0,Low
7,0,50,50,747,747,1.0,0,19.32,73.1,28,14,3,0.0,0,Low
7,4,26,26,2320,2320,1.0,0,19.3,73.13,28,14,3,0.0,0,Low
2,0,18,28,2223,1429,0.964474,0,19.22,73.0,28,14,3,0.5556333100069979,794,High
6,1,21,28,2942,2207,0.982396,0,19.24,73.13,28,14,3,0.3330312641594925,735,Medium
6,3,16,19,1086,914,0.903809,0,19.22,73.1,28,14,3,0.18818380743982493,172,Medium
4,3,34,34,995,995,1.0,0,18.65,72.87,28,14,3,0.0,0,Low
4,3,12,19,894,564,0.693143,0,19.42,72.84,28,14,3,0.5851063829787234,330,High
8,0,32,41,1119,873,1.0,0,19.25,73.05,28,14,23,0.281786941580756,246,Medium
8,3,23,23,190,190,1.0,0,19.25,72.98,28,14,23,0.0,0,Low
0,3,11,11,3,3,1.0,0,19.2183,72.9781,28,14,23,0.0,0,Low
0,3,19,19,148,148,1.0,0,19.076,72.8777,28,14,23,0.0,0,Low
1,3,21,21,228,228,1.0,0,19.196,72.96,28,14,23,0.0,0,Low
1,1,46,53,148,128,1.0,0,19.05,72.87,28,14,23,0.15625,20,Medium
10,3,32,32,1022,1022,1.0,0,19.18,73.01,28,14,23,0.0,0,Low
10,3,20,20,220,220,1.0,0,19.045,73.015,28,14,23,0.0,0,Low
9,3,15,18,1000,833,0.970296,0,19.06,72.885,28,14,23,0.20048019207683074,167,Medium
9,3,31,31,447,447,1.0,0,18.98,73.11,28,14,23,0.0,0,Low
5,3,11,11,3,3,1.0,0,19.2183,72.9781,28,14,23,0.0,0,Low
5,3,20,20,154,154,1.0,0,20.011,73.79,28,14,23,0.0,0,Low
3,2,29,29,2552,2552,1.0,0,19.41,73.18,28,14,23,0.0,0,Low
3,3,61,61,1109,1109,1.0,0,19.43,73.48,28,14,23,0.0,0,Low
7,0,50,50,747,747,1.0,0,19.32,73.1,28,14,23,0.0,0,Low
7,4,26,26,2320,2320,1.0,0,19.3,73.13,28,14,23,0.0,0,Low
2,0,18,29,2223,1379,0.975352,0,19.22,73.0,28,14,23,0.612037708484409,844,High
6,1,22,27,2808,2288,0.987889,0,19.24,73.13,28,14,23,0.22727272727272727,520,Medium
6,3,19,19,914,914,1.0,0,19.22,73.1,28,14,23,0.0,0,Low
4,3,34,34,995,995,1.0,0,18.65,72.87,28,14,23,0.0,0,Low
4,3,13,19,825,564,0.640144,0,19.42,72.84,28,14,23,0.4627659574468085,261,Medium
8,0,34,40,1053,895,1.0,0,19.25,73.05,28,14,54,0.17653631284916202,158,Medium
8,3,23,23,190,190,1.0,0,19.25,72.98,28,14,54,0.0,0,Low
0,3,11,11,3,3,1.0,0,19.2183,72.9781,28,14,54,0.0,0,Low
0,3,8,18,353,157,0.94,0,19.076,72.8777,28,14,54,1.2484076433121019,196,High
1,3,21,21,228,228,1.0,0,19.196,72.96,28,14,54,0.0,0,Low
1,1,54,54,126,126,1.0,0,19.05,72.87,28,14,54,0.0,0,Low
10,3,32,32,1022,1022,1.0,0,19.18,73.01,28,14,54,0.0,0,Low
10,3,20,20,220,220,1.0,0,19.045,73.015,28,14,54,0.0,0,Low
9,3,16,19,938,789,0.981965,0,19.06,72.885,28,14,54,0.1888466413181242,149,Medium
9,3,26,30,534,462,0.972686,0,18.98,73.11,28,14,54,0.15584415584415584,72,Medium
5,3,11,11,3,3,1.0,0,19.2183,72.9781,28,14,54,0.0,0,Low
5,3,20,20,154,154,1.0,0,20.011,73.79,28,14,54,0.0,0,Low
3,2,29,29,2552,2552,1.0,0,19.41,73.18,28,14,54,0.0,0,Low
3,3,61,61,1109,1109,1.0,0,19.43,73.48,28,14,54,0.0,0,Low
7,0,50,50,747,747,1.0,0,19.32,73.1,28,14,54,0.0,0,Low
7,4,26,26,2320,2320,1.0,0,19.3,73.13,28,14,54,0.0,0,Low
2,0,20,29,2000,1379,0.965006,0,19.22,73.0,28,14,54,0.4503263234227701,621,Medium
6,1,22,27,2808,2288,0.982275,0,19.24,73.13,28,14,54,0.22727272727272727,520,Medium
6,3,19,19,914,914,1.0,0,19.22,73.1,28,14,54,0.0,0,Low
4,3,34,34,995,995,1.0,0,18.65,72.87,28,14,54,0.0,0,Low
4,3,20,20,536,536,1.0,0,19.42,72.84,28,14,54,0.0,0,Low
8,0,32,40,1119,895,1.0,0,19.25,73.05,28,15,12,0.25027932960893856,224,Medium
8,3,23,23,190,190,1.0,0,19.25,72.98,28,15,12,0.0,0,Low
0,3,11,11,3,3,1.0,0,19.2183,72.9781,28,15,12,0.0,0,Low
0,3,10,18,282,157,0.98,0,19.076,72.8777,28,15,12,0.7961783439490446,125,High
1,3,21,21,228,228,1.0,0,19.196,72.96,28,15,12,0.0,0,Low
1,1,54,54,126,126,1.0,0,19.05,72.87,28,15,12,0.0,0,Low
10,3,32,32,1022,1022,1.0,0,19.18,73.01,28,15,12,0.0,0,Low
10,3,20,20,220,220,1.0,0,19.045,73.015,28,15,12,0.0,0,Low
9,3,16,18,938,833,0.977614,0,19.06,72.885,28,15,12,0.12605042016806722,105,Low
9,3,31,31,447,447,1.0,0,18.98,73.11,28,15,12,0.0,0,Low
5,3,11,11,3,3,1.0,0,19.2183,72.9781,28,15,12,0.0,0,Low
5,3,20,20,154,154,1.0,0,20.011,73.79,28,15,12,0.0,0,Low
3,2,29,29,2552,2552,1.0,0,19.41,73.18,28,15,12,0.0,0,Low
3,3,61,61,1109,1109,1.0,0,19.43,73.48,28,15,12,0.0,0,Low
7,0,50,50,747,747,1.0,0,19.32,73.1,28,15,12,0.0,0,Low
7,4,26,26,2320,2320,1.0,0,19.3,73.13,28,15,12,0.0,0,Low
2,0,21,29,1905,1379,0.973736,0,19.22,73.0,28,15,12,0.38143582306018853,526,Medium
6,1,20,27,3089,2288,0.972549,0,19.24,73.13,28,15,12,0.3500874125874126,801,Medium
6,3,19,19,914,914,1.0,0,19.22,73.1,28,15,12,0.0,0,Low
4,3,34,34,995,995,1.0,0,18.65,72.87,28,15,12,0.0,0,Low
4,3,20,20,536,536,1.0,0,19.42,72.84,28,15,12,0.0,0,Low
8,0,31,40,1155,895,1.0,0,19.25,73.05,28,15,27,0.2905027932960894,260,Medium
8,3,23,23,190,190,1.0,0,19.25,72.98,28,15,27,0.0,0,Low
0,3,11,11,3,3,1.0,0,19.2183,72.9781,28,15,27,0.0,0,Low
0,3,19,19,148,148,1.0,0,19.076,72.8777,28,15,27,0.0,0,Low
1,3,15,21,320,228,0.99,0,19.196,72.96,28,15,27,0.40350877192982454,92,Medium
1,1,54,54,126,126,1.0,0,19.05,72.87,28,15,27,0.0,0,Low
10,3,32,32,1022,1022,1.0,0,19.18,73.01,28,15,27,0.0,0,Low
10,3,20,20,220,220,1.0,0,19.045,73.015,28,15,27,0.0,0,Low
9,3,15,19,1000,789,0.967664,0,19.06,72.885,28,15,27,0.2674271229404309,211,Medium
9,3,27,30,514,462,0.985374,0,18.98,73.11,28,15,27,0.11255411255411256,52,Low
5,3,11,11,3,3,1.0,0,19.2183,72.9781,28,15,27,0.0,0,Low
5,3,14,20,220,154,0.76,0,20.011,73.79,28,15,27,0.42857142857142855,66,Medium
3,2,29,29,2552,2552,1.0,0,19.41,73.18,28,15,27,0.0,0,Low
3,3,61,61,1109,1109,1.0,0,19.43,73.48,28,15,27,0.0,0,Low
7,0,42,50,889,747,1.0,0,19.32,73.1,28,15,27,0.19009370816599733,142,Medium
7,4,26,26,2320,2320,1.0,0,19.3,73.13,28,15,27,0.0,0,Low
2,0,21,29,1905,1379,0.978826,0,19.22,73.0,28,15,27,0.38143582306018853,526,Medium
6,1,22,28,2808,2207,0.981148,0,19.24,73.13,28,15,27,0.2723153602174898,601,Medium
6,3,16,18,1086,965,0.88233,0,19.22,73.1,28,15,27,0.12538860103626942,121,Low
4,3,34,34,995,995,1.0,0,18.65,72.87,28,15,27,0.0,0,Low
4,3,14,19,766,564,0.79092,0,19.42,72.84,28,15,27,0.35815602836879434,202,Medium
8,0,31,40,1155,895,1.0,0,19.25,73.05,28,15,58,0.2905027932960894,260,Medium
8,3,23,23,190,190,1.0,0,19.25,72.98,28,15,58,0.0,0,Low
0,3,8,11,4,3,1.0,0,19.2183,72.9781,28,15,58,0.3333333333333333,1,Medium
0,3,11,19,257,148,0.96,0,19.076,72.8777,28,15,58,0.7364864864864865,109,High
1,3,21,21,228,228,1.0,0,19.196,72.96,28,15,58,0.0,0,Low
1,1,54,54,126,126,1.0,0,19.05,72.87,28,15,58,0.0,0,Low
10,3,32,32,1022,1022,1.0,0,19.18,73.01,28,15,58,0.0,0,Low
10,3,20,20,220,220,1.0,0,19.045,73.015,28,15,58,0.0,0,Low
9,3,15,19,1000,789,0.939094,0,19.06,72.885,28,15,58,0.2674271229404309,211,Medium
9,3,31,31,447,447,1.0,0,18.98,73.11,28,15,58,0.0,0,Low
5,3,8,11,4,3,1.0,0,19.2183,72.9781,28,15,58,0.3333333333333333,1,Medium
5,3,20,20,154,154,1.0,0,20.011,73.79,28,15,58,0.0,0,Low
3,2,29,29,2552,2552,1.0,0,19.41,73.18,28,15,58,0.0,0,Low
3,3,56,61,1208,1109,0.594947,0,19.43,73.48,28,15,58,0.08926961226330027,99,Low
7,0,50,50,747,747,1.0,0,19.32,73.1,28,15,58,0.0,0,Low
7,4,26,26,2320,2320,1.0,0,19.3,73.13,28,15,58,0.0,0,Low
2,0,20,29,2000,1379,0.960469,0,19.22,73.0,28,15,58,0.4503263234227701,621,Medium
6,1,21,27,2942,2288,0.985364,0,19.24,73.13,28,15,58,0.28583916083916083,654,Medium
6,3,17,19,1022,914,0.912999,0,19.22,73.1,28,15,58,0.11816192560175055,108,Low
4,3,28,33,1208,1025,0.878984,0,18.65,72.87,28,15,58,0.17853658536585365,183,Medium
4,3,14,20,766,536,0.598123,0,19.42,72.84,28,15,58,0.4291044776119403,230,Medium
8,0,28,40,1278,895,1.0,0,19.25,73.05,28,16,15,0.42793296089385474,383,Medium
8,3,23,23,190,190,1.0,0,19.25,72.98,28,16,15,0.0,0,Low
0,3,11,11,3,3,1.0,0,19.2183,72.9781,28,16,15,0.0,0,Low
0,3,10,19,282,148,0.99,0,19.076,72.8777,28,16,15,0.9054054054054054,134,High
1,3,21,21,228,228,1.0,0,19.196,72.96,28,16,15,0.0,0,Low
1,1,54,54,126,126,1.0,0,19.05,72.87,28,16,15,0.0,0,Low
10,3,32,32,1022,1022,1.0,0,19.18,73.01,28,16,15,0.0,0,Low
10,3,20,20,220,220,1.0,0,19.045,73.015,28,16,15,0.0,0,Low
9,3,15,19,1000,789,0.964246,0,19.06,72.885,28,16,15,0.2674271229404309,211,Medium
9,3,31,31,447,447,1.0,0,18.98,73.11,28,16,15,0.0,0,Low
5,3,11,11,3,3,1.0,0,19.2183,72.9781,28,16,15,0.0,0,Low
5,3,20,20,154,154,1.0,0,20.011,73.79,28,16,15,0.0,0,Low
3,2,29,29,2552,2552,1.0,0,19.41,73.18,28,16,15,0.0,0,Low
3,3,59,60,1146,1127,0.550705,0,19.43,73.48,28,16,15,0.01685891748003549,19,Low
7,0,50,50,747,747,1.0,0,19.32,73.1,28,16,15,0.0,0,Low
7,4,26,26,2320,2320,1.0,0,19.3,73.13,28,16,15,0.0,0,Low
2,0,21,28,1905,1429,0.949278,0,19.22,73.0,28,16,15,0.3331000699790063,476,Medium
6,1,21,27,2942,2288,0.980633,0,19.24,73.13,28,16,15,0.28583916083916083,654,Medium
6,3,15,18,1158,965,0.872858,0,19.22,73.1,28,16,15,0.2,193,Medium
4,3,34,34,995,995,1.0,0,18.65,72.87,28,16,15,0.0,0,Low
4,3,20,20,536,536,1.0,0,19.42,72.84,28,16,15,0.0,0,Low
8,0,27,40,1326,895,1.0,0,19.25,73.05,28,16,27,0.48156424581005586,431,Medium
8,3,23,23,190,190,1.0,0,19.25,72.98,28,16,27,0.0,0,Low
0,3,11,11,3,3,1.0,0,19.2183,72.9781,28,16,27,0.0,0,Low
0,3,9,18,314,157,0.99,0,19.076,72.8777,28,16,27,1.0,157,High
1,3,15,20,320,240,0.977607,0,19.196,72.96,28,16,27,0.3333333333333333,80,Medium
1,1,54,54,126,126,1.0,0,19.05,72.87,28,16,27,0.0,0,Low
10,3,32,32,1022,1022,1.0,0,19.18,73.01,28,16,27,0.0,0,Low
10,3,20,20,220,220,1.0,0,19.045,73.015,28,16,27,0.0,0,Low
9,3,15,19,1000,789,0.97913,0,19.06,72.885,28,16,27,0.2674271229404309,211,Medium
9,3,27,30,514,462,0.96906,0,18.98,73.11,28,16,27,0.11255411255411256,52,Low
5,3,11,11,3,3,1.0,0,19.2183,72.9781,28,16,27,0.0,0,Low
5,3,16,20,193,154,0.69,0,20.011,73.79,28,16,27,0.2532467532467532,39,Medium
3,2,29,29,2552,2552,1.0,0,19.41,73.18,28,16,27,0.0,0,Low
3,3,61,61,1109,1109,1.0,0,19.43,73.48,28,16,27,0.0,0,Low
7,0,44,50,849,747,0.998686,0,19.32,73.1,28,16,27,0.13654618473895583,102,Low
7,4,26,26,2320,2320,1.0,0,19.3,73.13,28,16,27,0.0,0,Low
2,0,21,29,1905,1379,0.967924,0,19.22,73.0,28,16,27,0.38143582306018853,526,Medium
6,1,21,27,2942,2288,0.982818,0,19.24,73.13,28,16,27,0.28583916083916083,654,Medium
6,3,16,19,1086,914,0.829995,0,19.22,73.1,28,16,27,0.18818380743982493,172,Medium
4,3,34,34,995,995,1.0,0,18.65,72.87,28,16,27,0.0,0,Low
4,3,14,19,766,564,0.593746,0,19.42,72.84,28,16,27,0.35815602836879434,202,Medium
8,0,25,40,1432,895,1.0,0,19.25,73.05,28,16,51,0.6,537,High
8,3,23,23,190,190,1.0,0,19.25,72.98,28,16,51,0.0,0,Low
0,3,11,11,3,3,1.0,0,19.2183,72.9781,28,16,51,0.0,0,Low
0,3,9,19,314,148,0.99,0,19.076,72.8777,28,16,51,1.1216216216216217,166,High
1,3,18,20,266,240,0.980912,0,19.196,72.96,28,16,51,0.10833333333333334,26,Low
1,1,54,54,126,126,1.0,0,19.05,72.87,28,16,51,0.0,0,Low
10,3,32,32,1022,1022,1.0,0,19.18,73.01,28,16,51,0.0,0,Low
10,3,20,20,220,220,1.0,0,19.045,73.015,28,16,51,0.0,0,Low
9,3,15,19,1000,789,0.971948,0,19.06,72.885,28,16,51,0.2674271229404309,211,Medium
9,3,31,31,447,447,1.0,0,18.98,73.11,28,16,51,0.0,0,Low
5,3,11,11,3,3,1.0,0,19.2183,72.9781,28,16,51,0.0,0,Low
5,3,20,20,154,154,1.0,0,20.011,73.79,28,16,51,0.0,0,Low
3,2,29,29,2552,2552,1.0,0,19.41,73.18,28,16,51,0.0,0,Low
3,3,61,61,1109,1109,1.0,0,19.43,73.48,28,16,51,0.0,0,Low
7,0,50,50,747,747,1.0,0,19.32,73.1,28,16,51,0.0,0,Low
7,4,26,26,2320,2320,1.0,0,19.3,73.13,28,16,51,0.0,0,Low
2,0,20,29,2000,1379,0.966687,0,19.22,73.0,28,16,51,0.4503263234227701,621,Medium
6,1,21,27,2942,2288,0.985675,0,19.24,73.13,28,16,51,0.28583916083916083,654,Medium
6,3,16,19,1086,914,0.79761,0,19.22,73.1,28,16,51,0.18818380743982493,172,Medium
4,3,34,34,995,995,1.0,0,18.65,72.87,28,16,51,0.0,0,Low
4,3,13,19,825,564,0.745287,0,19.42,72.84,28,16,51,0.4627659574468085,261,Medium
8,0,23,40,1556,895,1.0,0,19.25,73.05,28,17,9,0.7385474860335196,661,High
8,3,23,23,190,190,1.0,0,19.25,72.98,28,17,9,0.0,0,Low
0,3,11,11,3,3,1.0,0,19.2183,72.9781,28,17,9,0.0,0,Low
0,3,13,19,217,148,0.972591,0,19.076,72.8777,28,17,9,0.46621621621621623,69,Medium
1,3,17,20,282,240,0.975263,0,19.196,72.96,28,17,9,0.175,42,Medium
1,1,54,54,126,126,1.0,0,19.05,72.87,28,17,9,0.0,0,Low
10,3,32,32,1022,1022,1.0,0,19.18,73.01,28,17,9,0.0,0,Low
10,3,20,20,220,220,1.0,0,19.045,73.015,28,17,9,0.0,0,Low
9,3,16,19,938,789,0.940893,0,19.06,72.885,28,17,9,0.1888466413181242,149,Medium
9,3,25,30,555,462,0.969784,0,18.98,73.11,28,17,9,0.2012987012987013,93,Medium
5,3,11,11,3,3,1.0,0,19.2183,72.9781,28,17,9,0.0,0,Low
5,3,20,20,154,154,1.0,0,20.011,73.79,28,17,9,0.0,0,Low
3,2,29,29,2552,2552,1.0,0,19.41,73.18,28,17,9,0.0,0,Low
3,3,61,61,1109,1109,1.0,0,19.43,73.48,28,17,9,0.0,0,Low
7,0,45,50,830,747,0.99729,0,19.32,73.1,28,17,9,0.1111111111111111,83,Low
7,4,26,26,2320,2320,1.0,0,19.3,73.13,28,17,9,0.0,0,Low
2,0,20,29,2000,1379,0.938266,0,19.22,73.0,28,17,9,0.4503263234227701,621,Medium
6,1,20,27,3089,2288,0.980994,0,19.24,73.13,28,17,9,0.3500874125874126,801,Medium
6,3,16,19,1086,914,0.850213,0,19.22,73.1,28,17,9,0.18818380743982493,172,Medium
4,3,28,34,1208,995,0.863184,0,18.65,72.87,28,17,9,0.21407035175879396,213,Medium
4,3,12,20,894,536,0.653103,0,19.42,72.84,28,17,9,0.667910447761194,358,High
8,0,25,40,1432,895,1.0,0,19.25,73.05,28,17,21,0.6,537,High
8,3,23,23,190,190,1.0,0,19.25,72.98,28,17,21,0.0,0,Low
0,3,9,11,4,3,1.0,0,19.2183,72.9781,28,17,21,0.3333333333333333,1,Medium
0,3,12,18,235,157,0.96,0,19.076,72.8777,28,17,21,0.4968152866242038,78,Medium
1,3,16,20,300,240,0.981026,0,19.196,72.96,28,17,21,0.25,60,Medium
1,1,54,54,126,126,1.0,0,19.05,72.87,28,17,21,0.0,0,Low
10,3,32,32,1022,1022,1.0,0,19.18,73.01,28,17,21,0.0,0,Low
10,3,20,20,220,220,1.0,0,19.045,73.015,28,17,21,0.0,0,Low
9,3,16,19,938,789,0.974476,0,19.06,72.885,28,17,21,0.1888466413181242,149,Medium
9,3,28,31,495,447,0.980749,0,18.98,73.11,28,17,21,0.10738255033557047,48,Low
5,3,9,11,4,3,1.0,0,19.2183,72.9781,28,17,21,0.3333333333333333,1,Medium
5,3,16,20,193,154,0.88,0,20.011,73.79,28,17,21,0.2532467532467532,39,Medium
3,2,29,29,2552,2552,1.0,0,19.41,73.18,28,17,21,0.0,0,Low
3,3,61,61,1109,1109,1.0,0,19.43,73.48,28,17,21,0.0,0,Low
7,0,45,50,830,747,0.998824,0,19.32,73.1,28,17,21,0.1111111111111111,83,Low
7,4,26,26,2320,2320,1.0,0,19.3,73.13,28,17,21,0.0,0,Low
2,0,18,29,2223,1379,0.944128,0,19.22,73.0,28,17,21,0.612037708484409,844,High
6,1,21,27,2942,2288,0.980045,0,19.24,73.13,28,17,21,0.28583916083916083,654,Medium
6,3,15,18,1158,965,0.88951,0,19.22,73.1,28,17,21,0.2,193,Medium
4,3,28,34,1208,995,0.875043,0,18.65,72.87,28,17,21,0.21407035175879396,213,Medium
4,3,12,19,894,564,0.668702,0,19.42,72.84,28,17,21,0.5851063829787234,330,High
8,0,24,40,1492,895,1.0,0,19.25,73.05,28,18,18,0.6670391061452514,597,High
8,3,16,23,274,190,0.997208,0,19.25,72.98,28,18,18,0.4421052631578947,84,Medium
0,3,9,11,4,3,1.0,0,19.2183,72.9781,28,18,18,0.3333333333333333,1,Medium
0,3,8,18,353,157,0.98,0,19.076,72.8777,28,18,18,1.2484076433121019,196,High
1,3,16,20,300,240,1.0,0,19.196,72.96,28,18,18,0.25,60,Medium
1,1,54,54,126,126,1.0,0,19.05,72.87,28,18,18,0.0,0,Low
10,3,32,32,1022,1022,1.0,0,19.18,73.01,28,18,18,0.0,0,Low
10,3,20,20,220,220,1.0,0,19.045,73.015,28,18,18,0.0,0,Low
9,3,14,19,1072,789,0.956266,0,19.06,72.885,28,18,18,0.35868187579214195,283,Medium
9,3,27,30,514,462,0.972129,0,18.98,73.11,28,18,18,0.11255411255411256,52,Low
5,3,9,11,4,3,1.0,0,19.2183,72.9781,28,18,18,0.3333333333333333,1,Medium
5,3,20,20,154,154,1.0,0,20.011,73.79,28,18,18,0.0,0,Low
3,2,29,29,2552,2552,1.0,0,19.41,73.18,28,18,18,0.0,0,Low
3,3,61,61,1109,1109,1.0,0,19.43,73.48,28,18,18,0.0,0,Low
7,0,45,50,830,747,0.998662,0,19.32,73.1,28,18,18,0.1111111111111111,83,Low
7,4,26,26,2320,2320,1.0,0,19.3,73.13,28,18,18,0.0,0,Low
2,0,20,29,2000,1379,0.944028,0,19.22,73.0,28,18,18,0.4503263234227701,621,Medium
6,1,19,28,3252,2207,0.989035,0,19.24,73.13,28,18,18,0.47349342999546895,1045,Medium
6,3,15,19,1158,914,0.871387,0,19.22,73.1,28,18,18,0.26695842450765866,244,Medium
4,3,26,33,1301,1025,0.859469,0,18.65,72.87,28,18,18,0.26926829268292685,276,Medium
4,3,11,19,975,564,0.628429,0,19.42,72.84,28,18,18,0.7287234042553191,411,High
8,0,27,40,1326,895,1.0,0,19.25,73.05,28,18,50,0.48156424581005586,431,Medium
8,3,16,22,274,199,1.0,0,19.25,72.98,28,18,50,0.3768844221105528,75,Medium
0,3,11,11,3,3,1.0,0,19.2183,72.9781,28,18,50,0.0,0,Low
0,3,8,17,353,166,0.938479,0,19.076,72.8777,28,18,50,1.1265060240963856,187,High
1,3,17,20,282,240,1.0,0,19.196,72.96,28,18,50,0.175,42,Medium
1,1,54,54,126,126,1.0,0,19.05,72.87,28,18,50,0.0,0,Low
10,3,26,32,1258,1022,0.996146,0,19.18,73.01,28,18,50,0.2309197651663405,236,Medium
10,3,20,20,220,220,1.0,0,19.045,73.015,28,18,50,0.0,0,Low
9,3,14,18,1072,833,0.974452,0,19.06,72.885,28,18,50,0.28691476590636256,239,Medium
9,3,23,30,603,462,0.985343,0,18.98,73.11,28,18,50,0.3051948051948052,141,Medium
5,3,11,11,3,3,1.0,0,19.2183,72.9781,28,18,50,0.0,0,Low
5,3,12,19,257,162,0.64,0,20.011,73.79,28,18,50,0.5864197530864198,95,High
3,2,29,29,2552,2552,1.0,0,19.41,73.18,28,18,50,0.0,0,Low
3,3,61,61,1109,1109,1.0,0,19.43,73.48,28,18,50,0.0,0,Low
7,0,43,51,868,732,0.983202,0,19.32,73.1,28,18,50,0.18579234972677597,136,Medium
7,4,21,26,2873,2320,0.701914,0,19.3,73.13,28,18,50,0.23836206896551723,553,Medium
2,0,18,29,2223,1379,0.97962,0,19.22,73.0,28,18,50,0.612037708484409,844,High
6,1,19,27,3252,2288,0.988766,0,19.24,73.13,28,18,50,0.42132867132867136,964,Medium
6,3,15,19,1158,914,0.87175,0,19.22,73.1,28,18,50,0.26695842450765866,244,Medium
4,3,22,33,1537,1025,0.810354,0,18.65,72.87,28,18,50,0.4995121951219512,512,Medium
4,3,15,19,715,564,0.540751,0,19.42,72.84,28,18,50,0.26773049645390073,151,Medium
8,0,27,40,1326,895,1.0,0,19.25,73.05,28,19,15,0.48156424581005586,431,Medium
8,3,13,22,337,199,0.994383,0,19.25,72.98,28,19,15,0.6934673366834171,138,High
0,3,9,11,4,3,1.0,0,19.2183,72.9781,28,19,15,0.3333333333333333,1,Medium
0,3,8,18,353,157,0.970808,0,19.076,72.8777,28,19,15,1.2484076433121019,196,High
1,3,17,21,282,228,0.992272,0,19.196,72.96,28,19,15,0.23684210526315788,54,Medium
1,1,54,54,126,126,1.0,0,19.05,72.87,28,19,15,0.0,0,Low
10,3,27,32,1212,1022,0.995271,0,19.18,73.01,28,19,15,0.18590998043052837,190,Medium
10,3,20,20,220,220,1.0,0,19.045,73.015,28,19,15,0.0,0,Low
9,3,12,19,1250,789,0.97694,0,19.06,72.885,28,19,15,0.5842839036755386,461,High
9,3,22,30,631,462,0.98,0,18.98,73.11,28,19,15,0.3658008658008658,169,Medium
5,3,9,11,4,3,1.0,0,19.2183,72.9781,28,19,15,0.3333333333333333,1,Medium
5,3,20,20,154,154,1.0,0,20.011,73.79,28,19,15,0.0,0,Low
3,2,29,29,2552,2552,1.0,0,19.41,73.18,28,19,15,0.0,0,Low
3,3,61,61,1109,1109,1.0,0,19.43,73.48,28,19,15,0.0,0,Low
7,0,50,50,747,747,1.0,0,19.32,73.1,28,19,15,0.0,0,Low
7,4,20,26,3017,2320,0.627594,0,19.3,73.13,28,19,15,0.3004310344827586,697,Medium
2,0,18,29,2223,1379,0.959146,0,19.22,73.0,28,19,15,0.612037708484409,844,High
6,1,18,27,3433,2288,0.979941,0,19.24,73.13,28,19,15,0.5004370629370629,1145,High
6,3,14,19,1241,914,0.923144,0,19.22,73.1,28,19,15,0.35776805251641136,327,Medium
4,3,23,34,1471,995,0.778552,0,18.65,72.87,28,19,15,0.47839195979899496,476,Medium
4,3,15,19,715,564,0.55663,0,19.42,72.84,28,19,15,0.26773049645390073,151,Medium
8,0,27,39,1326,918,1.0,0,19.25,73.05,28,19,27,0.4444444444444444,408,Medium
8,3,16,23,274,190,0.98,0,19.25,72.98,28,19,27,0.4421052631578947,84,Medium
0,3,11,11,3,3,1.0,0,19.2183,72.9781,28,19,27,0.0,0,Low
0,3,9,18,314,157,0.97,0,19.076,72.8777,28,19,27,1.0,157,High
1,3,16,20,300,240,1.0,0,19.196,72.96,28,19,27,0.25,60,Medium
1,1,54,54,126,126,1.0,0,19.05,72.87,28,19,27,0.0,0,Low
10,3,32,32,1022,1022,1.0,0,19.18,73.01,28,19,27,0.0,0,Low
10,3,17,20,259,220,0.89238,0,19.045,73.015,28,19,27,0.17727272727272728,39,Medium
9,3,13,19,1154,789,0.97694,0,19.06,72.885,28,19,27,0.46261089987325726,365,Medium
9,3,20,30,694,462,0.963689,0,18.98,73.11,28,19,27,0.5021645021645021,232,High
5,3,11,11,3,3,1.0,0,19.2183,72.9781,28,19,27,0.0,0,Low
5,3,15,20,205,154,0.58,0,20.011,73.79,28,19,27,0.33116883116883117,51,Medium
3,2,29,29,2552,2552,1.0,0,19.41,73.18,28,19,27,0.0,0,Low
3,3,61,61,1109,1109,1.0,0,19.43,73.48,28,19,27,0.0,0,Low
7,0,50,50,747,747,1.0,0,19.32,73.1,28,19,27,0.0,0,Low
7,4,26,26,2320,2320,1.0,0,19.3,73.13,28,19,27,0.0,0,Low
2,0,18,29,2223,1379,0.956569,0,19.22,73.0,28,19,27,0.612037708484409,844,High
6,1,18,27,3433,2288,0.972156,0,19.24,73.13,28,19,27,0.5004370629370629,1145,High
6,3,13,19,1336,914,0.842473,0,19.22,73.1,28,19,27,0.4617067833698031,422,Medium
4,3,24,34,1409,995,0.863935,0,18.65,72.87,28,19,27,0.41608040201005025,414,Medium
4,3,14,20,766,536,0.569042,0,19.42,72.84,28,19,27,0.4291044776119403,230,Medium
8,0,31,40,1155,895,1.0,0,19.25,73.05,28,19,56,0.2905027932960894,260,Medium
8,3,17,22,258,199,1.0,0,19.25,72.98,28,19,56,0.2964824120603015,59,Medium
0,3,11,11,3,3,1.0,0,19.2183,72.9781,28,19,56,0.0,0,Low
0,3,9,17,314,166,0.980738,0,19.076,72.8777,28,19,56,0.891566265060241,148,High
1,3,21,21,228,228,1.0,0,19.196,72.96,28,19,56,0.0,0,Low
1,1,54,54,126,126,1.0,0,19.05,72.87,28,19,56,0.0,0,Low
10,3,32,32,1022,1022,1.0,0,19.18,73.01,28,19,56,0.0,0,Low
10,3,20,20,220,220,1.0,0,19.045,73.015,28,19,56,0.0,0,Low
9,3,13,19,1154,789,0.987002,0,19.06,72.885,28,19,56,0.46261089987325726,365,Medium
9,3,23,30,603,462,0.986552,0,18.98,73.11,28,19,56,0.3051948051948052,141,Medium
5,3,11,11,3,3,1.0,0,19.2183,72.9781,28,19,56,0.0,0,Low
5,3,11,19,280,162,0.6,0,20.011,73.79,28,19,56,0.7283950617283951,118,High
3,2,29,29,2552,2552,1.0,0,19.41,73.18,28,19,56,0.0,0,Low
3,3,61,61,1109,1109,1.0,0,19.43,73.48,28,19,56,0.0,0,Low
7,0,50,50,747,747,1.0,0,19.32,73.1,28,19,56,0.0,0,Low
7,4,21,26,2873,2320,0.756458,0,19.3,73.13,28,19,56,0.23836206896551723,553,Medium
2,0,18,29,2223,1379,0.97046,0,19.22,73.0,28,19,56,0.612037708484409,844,High
6,1,18,27,3433,2288,0.983356,0,19.24,73.13,28,19,56,0.5004370629370629,1145,High
6,3,13,19,1336,914,0.859488,0,19.22,73.1,28,19,56,0.4617067833698031,422,Medium
4,3,25,34,1353,995,0.809469,0,18.65,72.87,28,19,56,0.3597989949748744,358,Medium
4,3,15,20,715,536,0.537813,0,19.42,72.84,28,19,56,0.333955223880597,179,Medium
8,0,34,40,1053,895,1.0,0,19.25,73.05,28,20,16,0.17653631284916202,158,Medium
8,3,18,23,243,190,0.997208,0,19.25,72.98,28,20,16,0.2789473684210526,53,Medium
0,3,11,11,3,3,1.0,0,19.2183,72.9781,28,20,16,0.0,0,Low
0,3,9,19,314,148,1.0,0,19.076,72.8777,28,20,16,1.1216216216216217,166,High
1,3,21,21,228,228,1.0,0,19.196,72.96,28,20,16,0.0,0,Low
1,1,54,54,126,126,1.0,0,19.05,72.87,28,20,16,0.0,0,Low
10,3,32,32,1022,1022,1.0,0,19.18,73.01,28,20,16,0.0,0,Low
10,3,20,20,220,220,1.0,0,19.045,73.015,28,20,16,0.0,0,Low
9,3,12,18,1250,833,0.956398,0,19.06,72.885,28,20,16,0.5006002400960384,417,High
9,3,20,30,694,462,0.980441,0,18.98,73.11,28,20,16,0.5021645021645021,232,High
5,3,11,11,3,3,1.0,0,19.2183,72.9781,28,20,16,0.0,0,Low
5,3,10,19,308,162,0.72,0,20.011,73.79,28,20,16,0.9012345679012346,146,High
3,2,29,29,2552,2552,1.0,0,19.41,73.18,28,20,16,0.0,0,Low
3,3,61,61,1109,1109,1.0,0,19.43,73.48,28,20,16,0.0,0,Low
7,0,41,50,911,747,0.996007,0,19.32,73.1,28,20,16,0.21954484605087016,164,Medium
7,4,21,26,2873,2320,0.728851,0,19.3,73.13,28,20,16,0.23836206896551723,553,Medium
2,0,20,29,2000,1379,0.966195,0,19.22,73.0,28,20,16,0.4503263234227701,621,Medium
6,1,19,27,3252,2288,0.980178,0,19.24,73.13,28,20,16,0.42132867132867136,964,Medium
6,3,13,19,1336,914,0.850509,0,19.22,73.1,28,20,16,0.4617067833698031,422,Medium
4,3,24,33,1409,1025,0.765089,0,18.65,72.87,28,20,16,0.3746341463414634,384,Medium
4,3,10,19,1073,564,0.642243,0,19.42,72.84,28,20,16,0.9024822695035462,509,High
8,0,32,40,1119,895,1.0,0,19.25,73.05,28,20,27,0.25027932960893856,224,Medium
8,3,18,23,243,190,0.997208,0,19.25,72.98,28,20,27,0.2789473684210526,53,Medium
0,3,7,11,5,3,1.0,0,19.2183,72.9781,28,20,27,0.6666666666666666,2,High
0,3,9,18,314,157,0.985404,0,19.076,72.8777,28,20,27,1.0,157,High
1,3,21,21,228,228,1.0,0,19.196,72.96,28,20,27,0.0,0,Low
1,1,54,54,126,126,1.0,0,19.05,72.87,28,20,27,0.0,0,Low
10,3,32,32,1022,1022,1.0,0,19.18,73.01,28,20,27,0.0,0,Low
10,3,20,20,220,220,1.0,0,19.045,73.015,28,20,27,0.0,0,Low
9,3,12,19,1250,789,0.981171,0,19.06,72.885,28,20,27,0.5842839036755386,461,High
9,3,21,31,661,447,0.988688,0,18.98,73.11,28,20,27,0.47874720357941836,214,Medium
5,3,7,11,5,3,1.0,0,19.2183,72.9781,28,20,27,0.6666666666666666,2,High
5,3,13,19,237,162,0.76,0,20.011,73.79,28,20,27,0.46296296296296297,75,Medium
3,2,29,29,2552,2552,1.0,0,19.41,73.18,28,20,27,0.0,0,Low
3,3,61,61,1109,1109,1.0,0,19.43,73.48,28,20,27,0.0,0,Low
7,0,42,50,889,747,0.995319,0,19.32,73.1,28,20,27,0.19009370816599733,142,Medium
7,4,20,25,3017,2413,0.732553,0,19.3,73.13,28,20,27,0.25031081641110653,604,Medium
2,0,20,29,2000,1379,0.962152,0,19.22,73.0,28,20,27,0.4503263234227701,621,Medium
6,1,19,27,3252,2288,0.97545,0,19.24,73.13,28,20,27,0.42132867132867136,964,Medium
6,3,14,19,1241,914,0.81164,0,19.22,73.1,28,20,27,0.35776805251641136,327,Medium
4,3,26,34,1301,995,0.854734,0,18.65,72.87,28,20,27,0.3075376884422111,306,Medium
4,3,9,18,1192,596,0.701048,0,19.42,72.84,28,20,27,1.0,596,High
8,0,39,39,918,918,1.0,0,19.25,73.05,28,20,57,0.0,0,Low
8,3,17,22,258,199,1.0,0,19.25,72.98,28,20,57,0.2964824120603015,59,Medium
0,3,7,11,5,3,1.0,0,19.2183,72.9781,28,20,57,0.6666666666666666,2,High
0,3,14,18,201,157,0.97,0,19.076,72.8777,28,20,57,0.2802547770700637,44,Medium
1,3,21,21,228,228,1.0,0,19.196,72.96,28,20,57,0.0,0,Low
1,1,54,54,126,126,1.0,0,19.05,72.87,28,20,57,0.0,0,Low
10,3,32,32,1022,1022,1.0,0,19.18,73.01,28,20,57,0.0,0,Low
10,3,20,20,220,220,1.0,0,19.045,73.015,28,20,57,0.0,0,Low
9,3,13,19,1154,789,0.987239,0,19.06,72.885,28,20,57,0.46261089987325726,365,Medium
9,3,23,31,603,447,0.980723,0,18.98,73.11,28,20,57,0.348993288590604,156,Medium
5,3,7,11,5,3,1.0,0,19.2183,72.9781,28,20,57,0.6666666666666666,2,High
5,3,20,20,154,154,1.0,0,20.011,73.79,28,20,57,0.0,0,Low
3,2,29,29,2552,2552,1.0,0,19.41,73.18,28,20,57,0.0,0,Low
3,3,61,61,1109,1109,1.0,0,19.43,73.48,28,20,57,0.0,0,Low
7,0,41,49,911,762,0.988312,0,19.32,73.1,28,20,57,0.19553805774278216,149,Medium
7,4,26,26,2320,2320,1.0,0,19.3,73.13,28,20,57,0.0,0,Low
2,0,20,29,2000,1379,0.972926,0,19.22,73.0,28,20,57,0.4503263234227701,621,Medium
6,1,20,27,3089,2288,0.98312,0,19.24,73.13,28,20,57,0.3500874125874126,801,Medium
6,3,14,19,1241,914,0.817001,0,19.22,73.1,28,20,57,0.35776805251641136,327,Medium
4,3,27,34,1253,995,0.768086,0,18.65,72.87,28,20,57,0.2592964824120603,258,Medium
4,3,10,19,1073,564,0.698586,0,19.42,72.84,28,20,57,0.9024822695035462,509,High
8,0,33,40,1085,895,1.0,0,19.25,73.05,28,21,14,0.2122905027932961,190,Medium
8,3,23,23,190,190,1.0,0,19.25,72.98,28,21,14,0.0,0,Low
0,3,11,11,3,3,1.0,0,19.2183,72.9781,28,21,14,0.0,0,Low
0,3,19,19,148,148,1.0,0,19.076,72.8777,28,21,14,0.0,0,Low
1,3,16,21,300,228,0.987443,0,19.196,72.96,28,21,14,0.3157894736842105,72,Medium
1,1,54,54,126,126,1.0,0,19.05,72.87,28,21,14,0.0,0,Low
10,3,32,32,1022,1022,1.0,0,19.18,73.01,28,21,14,0.0,0,Low
10,3,20,20,220,220,1.0,0,19.045,73.015,28,21,14,0.0,0,Low
9,3,14,19,1072,789,0.982219,0,19.06,72.885,28,21,14,0.35868187579214195,283,Medium
9,3,24,31,578,447,0.977615,0,18.98,73.11,28,21,14,0.2930648769574944,131,Medium
5,3,11,11,3,3,1.0,0,19.2183,72.9781,28,21,14,0.0,0,Low
5,3,16,20,193,154,0.62,0,20.011,73.79,28,21,14,0.2532467532467532,39,Medium
3,2,29,29,2552,2552,1.0,0,19.41,73.18,28,21,14,0.0,0,Low
3,3,61,61,1109,1109,1.0,0,19.43,73.48,28,21,14,0.0,0,Low
7,0,50,50,747,747,1.0,0,19.32,73.1,28,21,14,0.0,0,Low
7,4,26,26,2320,2320,1.0,0,19.3,73.13,28,21,14,0.0,0,Low
2,0,21,29,1905,1379,0.961306,0,19.22,73.0,28,21,14,0.38143582306018853,526,Medium
6,1,20,27,3089,2288,0.983044,0,19.24,73.13,28,21,14,0.3500874125874126,801,Medium
6,3,14,19,1241,914,0.822313,0,19.22,73.1,28,21,14,0.35776805251641136,327,Medium
4,3,34,34,995,995,1.0,0,18.65,72.87,28,21,14,0.0,0,Low
4,3,10,19,1073,564,0.766245,0,19.42,72.84,28,21,14,0.9024822695035462,509,High
8,0,32,40,1119,895,1.0,0,19.25,73.05,28,21,27,0.25027932960893856,224,Medium
8,3,23,23,190,190,1.0,0,19.25,72.98,28,21,27,0.0,0,Low
0,3,7,10,5,3,1.0,0,19.2183,72.9781,28,21,27,0.6666666666666666,2,High
0,3,14,18,201,157,0.98,0,19.076,72.8777,28,21,27,0.2802547770700637,44,Medium
1,3,21,21,228,228,1.0,0,19.196,72.96,28,21,27,0.0,0,Low
1,1,54,54,126,126,1.0,0,19.05,72.87,28,21,27,0.0,0,Low
10,3,32,32,1022,1022,1.0,0,19.18,73.01,28,21,27,0.0,0,Low
10,3,20,20,220,220,1.0,0,19.045,73.015,28,21,27,0.0,0,Low
9,3,14,19,1072,789,0.960202,0,19.06,72.885,28,21,27,0.35868187579214195,283,Medium
9,3,25,31,555,447,0.985343,0,18.98,73.11,28,21,27,0.24161073825503357,108,Medium
5,3,7,10,5,3,1.0,0,19.2183,72.9781,28,21,27,0.6666666666666666,2,High
5,3,20,20,154,154,1.0,0,20.011,73.79,28,21,27,0.0,0,Low
3,2,29,29,2552,2552,1.0,0,19.41,73.18,28,21,27,0.0,0,Low
3,3,61,61,1109,1109,1.0,0,19.43,73.48,28,21,27,0.0,0,Low
7,0,42,50,889,747,0.990813,0,19.32,73.1,28,21,27,0.19009370816599733,142,Medium
7,4,26,26,2320,2320,1.0,0,19.3,73.13,28,21,27,0.0,0,Low
2,0,22,29,1818,1379,0.974525,0,19.22,73.0,28,21,27,0.31834662799129804,439,Medium
6,1,21,27,2942,2288,0.985302,0,19.24,73.13,28,21,27,0.28583916083916083,654,Medium
6,3,14,18,1241,965,0.839237,0,19.22,73.1,28,21,27,0.2860103626943005,276,Medium
4,3,34,34,995,995,1.0,0,18.65,72.87,28,21,27,0.0,0,Low
4,3,11,19,975,564,0.809693,0,19.42,72.84,28,21,27,0.7287234042553191,411,High
8,0,33,40,1085,895,1.0,0,19.25,73.05,28,22,2,0.2122905027932961,190,Medium
8,3,17,22,258,199,1.0,0,19.25,72.98,28,22,2,0.2964824120603015,59,Medium
0,3,11,11,3,3,1.0,0,19.2183,72.9781,28,22,2,0.0,0,Low
0,3,19,19,148,148,1.0,0,19.076,72.8777,28,22,2,0.0,0,Low
1,3,21,21,228,228,1.0,0,19.196,72.96,28,22,2,0.0,0,Low
1,1,54,54,126,126,1.0,0,19.05,72.87,28,22,2,0.0,0,Low
10,3,32,32,1022,1022,1.0,0,19.18,73.01,28,22,2,0.0,0,Low
10,3,20,20,220,220,1.0,0,19.045,73.015,28,22,2,0.0,0,Low
9,3,15,19,1000,789,0.954637,0,19.06,72.885,28,22,2,0.2674271229404309,211,Medium
9,3,31,31,447,447,1.0,0,18.98,73.11,28,22,2,0.0,0,Low
5,3,11,11,3,3,1.0,0,19.2183,72.9781,28,22,2,0.0,0,Low
5,3,20,20,154,154,1.0,0,20.011,73.79,28,22,2,0.0,0,Low
3,2,29,29,2552,2552,1.0,0,19.41,73.18,28,22,2,0.0,0,Low
3,3,61,61,1109,1109,1.0,0,19.43,73.48,28,22,2,0.0,0,Low
7,0,41,50,911,747,0.993116,0,19.32,73.1,28,22,2,0.21954484605087016,164,Medium
7,4,26,26,2320,2320,1.0,0,19.3,73.13,28,22,2,0.0,0,Low
2,0,22,28,1818,1429,0.984942,0,19.22,73.0,28,22,2,0.2722183344996501,389,Medium
6,1,21,27,2942,2288,0.96109,0,19.24,73.13,28,22,2,0.28583916083916083,654,Medium
6,3,14,19,1241,914,0.856579,0,19.22,73.1,28,22,2,0.35776805251641136,327,Medium
4,3,34,34,995,995,1.0,0,18.65,72.87,28,22,2,0.0,0,Low
4,3,15,18,715,596,0.546914,0,19.42,72.84,28,22,2,0.19966442953020133,119,Medium
8,0,32,40,1119,895,1.0,0,19.25,73.05,28,22,22,0.25027932960893856,224,Medium
8,3,23,23,190,190,1.0,0,19.25,72.98,28,22,22,0.0,0,Low
0,3,11,11,3,3,1.0,0,19.2183,72.9781,28,22,22,0.0,0,Low
0,3,19,19,148,148,1.0,0,19.076,72.8777,28,22,22,0.0,0,Low
1,3,21,21,228,228,1.0,0,19.196,72.96,28,22,22,0.0,0,Low
1,1,54,54,126,126,1.0,0,19.05,72.87,28,22,22,0.0,0,Low
10,3,32,32,1022,1022,1.0,0,19.18,73.01,28,22,22,0.0,0,Low
10,3,20,20,220,220,1.0,0,19.045,73.015,28,22,22,0.0,0,Low
9,3,16,18,938,833,0.945417,0,19.06,72.885,28,22,22,0.12605042016806722,105,Low
9,3,31,31,447,447,1.0,0,18.98,73.11,28,22,22,0.0,0,Low
5,3,11,11,3,3,1.0,0,19.2183,72.9781,28,22,22,0.0,0,Low
5,3,20,20,154,154,1.0,0,20.011,73.79,28,22,22,0.0,0,Low
3,2,29,29,2552,2552,1.0,0,19.41,73.18,28,22,22,0.0,0,Low
3,3,61,61,1109,1109,1.0,0,19.43,73.48,28,22,22,0.0,0,Low
7,0,40,51,934,732,0.989598,0,19.32,73.1,28,22,22,0.27595628415300544,202,Medium
7,4,26,26,2320,2320,1.0,0,19.3,73.13,28,22,22,0.0,0,Low
2,0,21,28,1905,1429,0.986965,0,19.22,73.0,28,22,22,0.3331000699790063,476,Medium
6,1,22,27,2808,2288,0.984738,0,19.24,73.13,28,22,22,0.22727272727272727,520,Medium
6,3,15,18,1158,965,0.791317,0,19.22,73.1,28,22,22,0.2,193,Medium
4,3,34,34,995,995,1.0,0,18.65,72.87,28,22,22,0.0,0,Low
4,3,20,20,536,536,1.0,0,19.42,72.84,28,22,22,0.0,0,Low
8,0,30,40,1193,895,1.0,0,19.25,73.05,28,22,49,0.3329608938547486,298,Medium
8,3,23,23,190,190,1.0,0,19.25,72.98,28,22,49,0.0,0,Low
0,3,8,10,4,3,1.0,0,19.2183,72.9781,28,22,49,0.3333333333333333,1,Medium
0,3,19,19,148,148,1.0,0,19.076,72.8777,28,22,49,0.0,0,Low
1,3,21,21,228,228,1.0,0,19.196,72.96,28,22,49,0.0,0,Low
1,1,54,54,126,126,1.0,0,19.05,72.87,28,22,49,0.0,0,Low
10,3,32,32,1022,1022,1.0,0,19.18,73.01,28,22,49,0.0,0,Low
10,3,20,20,220,220,1.0,0,19.045,73.015,28,22,49,0.0,0,Low
9,3,17,19,882,789,0.934201,0,19.06,72.885,28,22,49,0.11787072243346007,93,Low
9,3,31,31,447,447,1.0,0,18.98,73.11,28,22,49,0.0,0,Low
5,3,8,10,4,3,1.0,0,19.2183,72.9781,28,22,49,0.3333333333333333,1,Medium
5,3,20,20,154,154,1.0,0,20.011,73.79,28,22,49,0.0,0,Low
3,2,29,29,2552,2552,1.0,0,19.41,73.18,28,22,49,0.0,0,Low
3,3,61,61,1109,1109,1.0,0,19.43,73.48,28,22,49,0.0,0,Low
7,0,40,51,934,732,0.974417,0,19.32,73.1,28,22,49,0.27595628415300544,202,Medium
7,4,26,26,2320,2320,1.0,0,19.3,73.13,28,22,49,0.0,0,Low
2,0,29,29,1379,1379,1.0,0,19.22,73.0,28,22,49,0.0,0,Low
6,1,27,27,2288,2288,1.0,0,19.24,73.13,28,22,49,0.0,0,Low
6,3,19,19,914,914,1.0,0,19.22,73.1,28,22,49,0.0,0,Low
4,3,34,34,995,995,1.0,0,18.65,72.87,28,22,49,0.0,0,Low
4,3,20,20,536,536,1.0,0,19.42,72.84,28,22,49,0.0,0,Low
8,0,28,40,1278,895,1.0,0,19.25,73.05,28,23,7,0.42793296089385474,383,Medium
8,3,19,23,231,190,0.994248,0,19.25,72.98,28,23,7,0.21578947368421053,41,Medium
0,3,11,11,3,3,1.0,0,19.2183,72.9781,28,23,7,0.0,0,Low
0,3,19,19,148,148,1.0,0,19.076,72.8777,28,23,7,0.0,0,Low
1,3,21,21,228,228,1.0,0,19.196,72.96,28,23,7,0.0,0,Low
1,1,54,54,126,126,1.0,0,19.05,72.87,28,23,7,0.0,0,Low
10,3,32,32,1022,1022,1.0,0,19.18,73.01,28,23,7,0.0,0,Low
10,3,20,20,220,220,1.0,0,19.045,73.015,28,23,7,0.0,0,Low
9,3,17,19,882,789,0.930368,0,19.06,72.885,28,23,7,0.11787072243346007,93,Low
9,3,31,31,447,447,1.0,0,18.98,73.11,28,23,7,0.0,0,Low
5,3,11,11,3,3,1.0,0,19.2183,72.9781,28,23,7,0.0,0,Low
5,3,20,20,154,154,1.0,0,20.011,73.79,28,23,7,0.0,0,Low
3,2,29,29,2552,2552,1.0,0,19.41,73.18,28,23,7,0.0,0,Low
3,3,61,61,1109,1109,1.0,0,19.43,73.48,28,23,7,0.0,0,Low
7,0,42,50,889,747,0.96238,0,19.32,73.1,28,23,7,0.19009370816599733,142,Medium
7,4,26,26,2320,2320,1.0,0,19.3,73.13,28,23,7,0.0,0,Low
2,0,29,29,1379,1379,1.0,0,19.22,73.0,28,23,7,0.0,0,Low
6,1,27,27,2288,2288,1.0,0,19.24,73.13,28,23,7,0.0,0,Low
6,3,19,19,914,914,1.0,0,19.22,73.1,28,23,7,0.0,0,Low
4,3,34,34,995,995,1.0,0,18.65,72.87,28,23,7,0.0,0,Low
4,3,20,20,536,536,1.0,0,19.42,72.84,28,23,7,0.0,0,Low
8,0,29,40,1234,895,1.0,0,19.25,73.05,28,23,19,0.3787709497206704,339,Medium
8,3,23,23,190,190,1.0,0,19.25,72.98,28,23,19,0.0,0,Low
0,3,11,11,3,3,1.0,0,19.2183,72.9781,28,23,19,0.0,0,Low
0,3,19,19,148,148,1.0,0,19.076,72.8777,28,23,19,0.0,0,Low
1,3,21,21,228,228,1.0,0,19.196,72.96,28,23,19,0.0,0,Low
1,1,54,54,126,126,1.0,0,19.05,72.87,28,23,19,0.0,0,Low
10,3,32,32,1022,1022,1.0,0,19.18,73.01,28,23,19,0.0,0,Low
10,3,20,20,220,220,1.0,0,19.045,73.015,28,23,19,0.0,0,Low
9,3,15,18,1000,833,0.947739,0,19.06,72.885,28,23,19,0.20048019207683074,167,Medium
9,3,31,31,447,447,1.0,0,18.98,73.11,28,23,19,0.0,0,Low
5,3,11,11,3,3,1.0,0,19.2183,72.9781,28,23,19,0.0,0,Low
5,3,20,20,154,154,1.0,0,20.011,73.79,28,23,19,0.0,0,Low
3,2,29,29,2552,2552,1.0,0,19.41,73.18,28,23,19,0.0,0,Low
3,3,61,61,1109,1109,1.0,0,19.43,73.48,28,23,19,0.0,0,Low
7,0,41,50,911,747,0.976618,0,19.32,73.1,28,23,19,0.21954484605087016,164,Medium
7,4,26,26,2320,2320,1.0,0,19.3,73.13,28,23,19,0.0,0,Low
2,0,29,29,1379,1379,1.0,0,19.22,73.0,28,23,19,0.0,0,Low
6,1,27,27,2288,2288,1.0,0,19.24,73.13,28,23,19,0.0,0,Low
6,3,19,19,914,914,1.0,0,19.22,73.1,28,23,19,0.0,0,Low
4,3,34,34,995,995,1.0,0,18.65,72.87,28,23,19,0.0,0,Low
4,3,20,20,536,536,1.0,0,19.42,72.84,28,23,19,0.0,0,Low
8,0,33,41,1085,873,1.0,0,19.25,73.05,28,23,44,0.24284077892325315,212,Medium
8,3,23,23,190,190,1.0,0,19.25,72.98,28,23,44,0.0,0,Low
0,3,11,11,3,3,1.0,0,19.2183,72.9781,28,23,44,0.0,0,Low
0,3,19,19,148,148,1.0,0,19.076,72.8777,28,23,44,0.0,0,Low
1,3,21,21,228,228,1.0,0,19.196,72.96,28,23,44,0.0,0,Low
1,1,54,54,126,126,1.0,0,19.05,72.87,28,23,44,0.0,0,Low
10,3,32,32,1022,1022,1.0,0,19.18,73.01,28,23,44,0.0,0,Low
10,3,20,20,220,220,1.0,0,19.045,73.015,28,23,44,0.0,0,Low
9,3,16,19,938,789,0.93635,0,19.06,72.885,28,23,44,0.1888466413181242,149,Medium
9,3,31,31,447,447,1.0,0,18.98,73.11,28,23,44,0.0,0,Low
5,3,11,11,3,3,1.0,0,19.2183,72.9781,28,23,44,0.0,0,Low
5,3,20,20,154,154,1.0,0,20.011,73.79,28,23,44,0.0,0,Low
3,2,29,29,2552,2552,1.0,0,19.41,73.18,28,23,44,0.0,0,Low
